fecha,hora,lat,lon,satelite,confianza,frp
2026-10-05,1900,3.13577,-76.62227,N,n,6.79
2026-10-05,1900,3.23511,-76.27551,N,n,5.53
2026-10-05,1900,3.34389,-76.23919,N,n,1.45
2026-10-05,1900,3.34792,-76.23978,N,n,6.49
2026-10-05,1900,3.38573,-76.23473,N,n,2.15
2026-10-05,1919,3.05355,-76.39201,N20,n,5.07
2026-10-05,1919,3.05420,-76.39297,N20,n,6.33
2026-10-05,1824,3.04650,-76.72267,N21,n,6.02
2026-10-05,1824,3.23602,-76.44445,N21,n,2.68
2026-10-06,1843,3.15445,-76.58371,N,n,1.35
2026-10-06,1843,3.21727,-76.50522,N,n,2.15
2026-10-06,1843,3.22839,-76.36612,N,n,1.01
2026-10-06,1843,3.30956,-76.45317,N,n,15.57
2026-10-06,1843,3.31008,-76.44973,N,n,15.57
2026-10-06,1902,3.13675,-76.33295,N20,n,5.47
2026-10-06,1902,3.14126,-76.33360,N20,n,5.47
2026-10-06,1902,3.30774,-76.45057,N20,n,10.2
2026-10-06,1902,3.30935,-76.45233,N20,n,12.33
2026-10-06,1804,3.23970,-76.46827,N21,n,2.77
