estacion,sensor,fecha_hora,valor
26085160,precip,2026-07-08T18:50:00.000,0.0
26085160,precip,2026-07-08T19:50:00.000,0.0
26085160,precip,2026-07-08T20:10:00.000,0.0
26085160,precip,2026-07-08T19:00:00.000,0.0
26085160,precip,2026-07-08T19:10:00.000,0.0
26085160,precip,2026-07-08T19:30:00.000,0.0
26085160,precip,2026-07-08T19:20:00.000,0.0
26085160,precip,2026-07-08T20:00:00.000,0.0
26085160,precip,2026-07-08T20:20:00.000,0.0
26085160,precip,2026-07-08T19:40:00.000,0.0
26085160,precip,2026-07-08T18:40:00.000,0.0
26085160,precip,2026-07-08T18:30:00.000,0.0
26085160,precip,2026-07-08T21:00:00.000,0.0
26085160,precip,2026-07-08T21:10:00.000,0.0
26085160,precip,2026-07-08T21:20:00.000,0.0
26085160,precip,2026-07-08T20:50:00.000,0.0
26085160,precip,2026-07-08T20:30:00.000,0.0
26085160,precip,2026-07-08T20:40:00.000,0.0
26085160,precip,2026-07-08T22:20:00.000,0.0
26085160,precip,2026-07-08T21:40:00.000,0.0
26085160,precip,2026-07-08T22:10:00.000,0.0
26085160,precip,2026-07-08T21:30:00.000,0.0
26085160,precip,2026-07-08T21:50:00.000,0.0
26085160,precip,2026-07-08T22:00:00.000,0.0
26085160,precip,2026-07-08T23:10:00.000,0.0
26085160,precip,2026-07-08T22:40:00.000,0.0
26085160,precip,2026-07-08T23:00:00.000,0.0
26085160,precip,2026-07-08T22:50:00.000,0.0
26085160,precip,2026-07-08T23:20:00.000,0.0
26085160,precip,2026-07-08T22:30:00.000,0.0
26085160,precip,2026-07-09T03:20:00.000,0.0
26085160,precip,2026-07-09T00:00:00.000,0.0
26085160,precip,2026-07-08T23:40:00.000,0.0
26085160,precip,2026-07-09T00:10:00.000,0.0
26085160,precip,2026-07-08T23:30:00.000,0.0
26085160,precip,2026-07-08T23:50:00.000,0.0
26085160,precip,2026-07-09T00:20:00.000,0.0
26085160,precip,2026-07-09T02:40:00.000,0.0
26085160,precip,2026-07-09T02:50:00.000,0.0
26085160,precip,2026-07-09T01:10:00.000,0.0
26085160,precip,2026-07-09T00:40:00.000,0.0
26085160,precip,2026-07-09T03:10:00.000,0.0
26085160,precip,2026-07-09T01:00:00.000,0.0
26085160,precip,2026-07-09T02:30:00.000,0.0
26085160,precip,2026-07-09T00:30:00.000,0.0
26085160,precip,2026-07-09T00:50:00.000,0.0
26085160,precip,2026-07-09T01:20:00.000,0.0
26085160,precip,2026-07-09T03:00:00.000,0.0
26085160,precip,2026-07-09T02:10:00.000,0.0
26085160,precip,2026-07-09T01:40:00.000,0.0
26085160,precip,2026-07-09T01:30:00.000,0.0
26085160,precip,2026-07-09T02:00:00.000,0.0
26085160,precip,2026-07-09T02:20:00.000,0.0
26085160,precip,2026-07-09T01:50:00.000,0.0
26085160,precip,2026-07-09T03:40:00.000,0.0
26085160,precip,2026-07-09T04:00:00.000,0.0
26085160,precip,2026-07-09T03:30:00.000,0.0
26085160,precip,2026-07-09T04:20:00.000,0.0
26085160,precip,2026-07-09T04:10:00.000,0.0
26085160,precip,2026-07-09T03:50:00.000,0.0
26085160,precip,2026-07-08T17:20:00.000,0.0
26085160,precip,2026-07-08T17:00:00.000,0.0
26085160,precip,2026-07-08T17:10:00.000,0.0
26085160,precip,2026-07-08T17:30:00.000,0.0
26085160,precip,2026-07-08T18:00:00.000,0.0
26085160,precip,2026-07-08T17:50:00.000,0.0
26085160,precip,2026-07-08T17:40:00.000,0.0
26085160,precip,2026-07-08T18:10:00.000,0.0
26085160,precip,2026-07-08T18:20:00.000,0.0
26085160,temp,2026-07-08T20:00:00.000,26.1
26085160,temp,2026-07-08T19:00:00.000,25.6
26085160,temp,2026-07-08T21:00:00.000,24.7
26085160,temp,2026-07-08T22:00:00.000,24.9
26085160,temp,2026-07-09T03:00:00.000,22.7
26085160,temp,2026-07-08T23:00:00.000,24.0
26085160,temp,2026-07-09T00:00:00.000,23.1
26085160,temp,2026-07-09T01:00:00.000,23.1
26085160,temp,2026-07-09T02:00:00.000,23.1
26085160,temp,2026-07-09T04:00:00.000,22.1
26085160,temp,2026-07-08T17:00:00.000,25.5
26085160,temp,2026-07-08T18:00:00.000,25.8
26085160,tmax,2026-07-08T18:01:00.000,25.8
26085160,tmax,2026-07-08T19:41:00.000,26.4
26085160,tmax,2026-07-08T20:01:00.000,26.1
26085160,tmax,2026-07-08T22:00:00.000,25.0
26085160,tmax,2026-07-08T22:02:00.000,25.0
26085160,tmax,2026-07-08T23:18:00.000,24.1
26085160,tmax,2026-07-09T02:01:00.000,23.1
26085160,tmax,2026-07-09T00:25:00.000,23.2
26085160,tmax,2026-07-09T01:38:00.000,23.2
26085160,tmax,2026-07-09T03:02:00.000,22.7
26085160,tmax,2026-07-08T17:47:00.000,25.8
26085160,tmin,2026-07-08T18:50:00.000,25.4
26085160,tmin,2026-07-08T19:06:00.000,25.6
26085160,tmin,2026-07-08T20:59:00.000,24.7
26085160,tmin,2026-07-08T21:13:00.000,24.7
26085160,tmin,2026-07-08T23:00:00.000,24.0
26085160,tmin,2026-07-08T23:58:00.000,23.1
26085160,tmin,2026-07-09T00:09:00.000,23.0
26085160,tmin,2026-07-09T02:42:00.000,22.7
26085160,tmin,2026-07-09T01:02:00.000,23.0
26085160,tmin,2026-07-09T03:59:00.000,22.1
26085160,tmin,2026-07-08T17:00:00.000,25.5
26085160,tmin,2026-07-08T17:10:00.000,25.2
26085160,viento,2026-07-08T18:40:00.000,7.2
26085160,viento,2026-07-08T19:00:00.000,5.7
26085160,viento,2026-07-08T19:40:00.000,2.5
26085160,viento,2026-07-08T19:50:00.000,1.6
26085160,viento,2026-07-08T19:20:00.000,5.9
26085160,viento,2026-07-08T20:20:00.000,1.8
26085160,viento,2026-07-08T20:00:00.000,2.7
26085160,viento,2026-07-08T18:50:00.000,7.1
26085160,viento,2026-07-08T20:10:00.000,3.2
26085160,viento,2026-07-08T19:10:00.000,6.3
26085160,viento,2026-07-08T19:30:00.000,4.9
26085160,viento,2026-07-08T18:30:00.000,7.7
26085160,viento,2026-07-08T21:20:00.000,6.4
26085160,viento,2026-07-08T21:00:00.000,4.6
26085160,viento,2026-07-08T21:10:00.000,4.6
26085160,viento,2026-07-08T20:40:00.000,3.7
26085160,viento,2026-07-08T20:30:00.000,1.6
26085160,viento,2026-07-08T20:50:00.000,4.8
26085160,viento,2026-07-08T21:50:00.000,4.9
26085160,viento,2026-07-08T21:40:00.000,5.5
26085160,viento,2026-07-08T22:20:00.000,4.6
26085160,viento,2026-07-08T22:10:00.000,4.6
26085160,viento,2026-07-08T22:00:00.000,4.4
26085160,viento,2026-07-08T21:30:00.000,6.0
26085160,viento,2026-07-08T23:10:00.000,1.2
26085160,viento,2026-07-08T23:00:00.000,0.9
26085160,viento,2026-07-08T22:40:00.000,1.1
26085160,viento,2026-07-08T22:30:00.000,3.2
26085160,viento,2026-07-08T23:20:00.000,1.0
26085160,viento,2026-07-09T02:30:00.000,0.5
26085160,viento,2026-07-08T22:50:00.000,0.5
26085160,viento,2026-07-09T03:20:00.000,0.8
26085160,viento,2026-07-09T03:00:00.000,1.0
26085160,viento,2026-07-09T02:40:00.000,0.9
26085160,viento,2026-07-08T23:30:00.000,2.2
26085160,viento,2026-07-08T23:50:00.000,2.5
26085160,viento,2026-07-09T00:00:00.000,1.9
26085160,viento,2026-07-08T23:40:00.000,1.9
26085160,viento,2026-07-09T00:10:00.000,1.7
26085160,viento,2026-07-09T00:20:00.000,1.4
26085160,viento,2026-07-09T00:30:00.000,1.0
26085160,viento,2026-07-09T01:00:00.000,0.9
26085160,viento,2026-07-09T00:40:00.000,0.6
26085160,viento,2026-07-09T01:10:00.000,0.7
26085160,viento,2026-07-09T00:50:00.000,0.9
26085160,viento,2026-07-09T01:20:00.000,0.7
26085160,viento,2026-07-09T02:50:00.000,1.0
26085160,viento,2026-07-09T03:10:00.000,0.8
26085160,viento,2026-07-09T02:10:00.000,0.9
26085160,viento,2026-07-09T02:20:00.000,0.5
26085160,viento,2026-07-09T02:00:00.000,0.5
26085160,viento,2026-07-09T01:30:00.000,1.3
26085160,viento,2026-07-09T01:40:00.000,1.3
26085160,viento,2026-07-09T01:50:00.000,1.1
26085160,viento,2026-07-09T04:10:00.000,1.2
26085160,viento,2026-07-09T04:20:00.000,0.5
26085160,viento,2026-07-09T03:40:00.000,0.9
26085160,viento,2026-07-09T03:30:00.000,1.2
26085160,viento,2026-07-09T04:00:00.000,1.0
26085160,viento,2026-07-09T03:50:00.000,1.1
26085160,viento,2026-07-08T17:20:00.000,8.3
26085160,viento,2026-07-08T17:00:00.000,8.2
26085160,viento,2026-07-08T17:10:00.000,8.8
26085160,viento,2026-07-08T18:10:00.000,7.3
26085160,viento,2026-07-08T18:00:00.000,7.8
26085160,viento,2026-07-08T17:50:00.000,7.8
26085160,viento,2026-07-08T17:40:00.000,8.1
26085160,viento,2026-07-08T18:20:00.000,7.9
26085160,viento,2026-07-08T17:30:00.000,8.7
26085160,humedad,2026-07-08T20:00:00.000,67.0
26085160,humedad,2026-07-08T19:00:00.000,68.0
26085160,humedad,2026-07-08T21:00:00.000,72.0
26085160,humedad,2026-07-08T22:00:00.000,70.0
26085160,humedad,2026-07-08T23:00:00.000,76.0
26085160,humedad,2026-07-09T00:00:00.000,81.0
26085160,humedad,2026-07-09T03:00:00.000,82.0
26085160,humedad,2026-07-09T01:00:00.000,81.0
26085160,humedad,2026-07-09T02:00:00.000,81.0
26085160,humedad,2026-07-09T04:00:00.000,85.0
26085160,humedad,2026-07-08T17:00:00.000,70.0
26085160,humedad,2026-07-08T18:00:00.000,67.0
26055120,precip,2026-07-08T18:50:00.000,0.0
26055120,precip,2026-07-08T19:40:00.000,0.0
26055120,precip,2026-07-08T20:00:00.000,0.0
26055120,precip,2026-07-08T20:20:00.000,0.0
26055120,precip,2026-07-08T19:50:00.000,0.0
26055120,precip,2026-07-08T19:10:00.000,0.0
26055120,precip,2026-07-08T20:10:00.000,0.0
26055120,precip,2026-07-08T18:40:00.000,0.0
26055120,precip,2026-07-08T19:20:00.000,0.0
26055120,precip,2026-07-08T19:30:00.000,0.0
26055120,precip,2026-07-08T18:30:00.000,0.0
26055120,precip,2026-07-08T19:00:00.000,0.0
26055120,precip,2026-07-08T21:20:00.000,0.0
26055120,precip,2026-07-08T20:30:00.000,0.0
26055120,precip,2026-07-08T21:00:00.000,0.0
26055120,precip,2026-07-08T20:50:00.000,0.0
26055120,precip,2026-07-08T21:10:00.000,0.0
26055120,precip,2026-07-08T21:30:00.000,0.0
26055120,precip,2026-07-08T20:40:00.000,0.0
26055120,precip,2026-07-08T21:50:00.000,0.0
26055120,precip,2026-07-08T22:00:00.000,0.0
26055120,precip,2026-07-08T21:40:00.000,0.0
26055120,precip,2026-07-08T22:10:00.000,0.0
26055120,precip,2026-07-08T22:20:00.000,0.0
26055120,precip,2026-07-08T23:10:00.000,0.0
26055120,precip,2026-07-08T23:30:00.000,0.0
26055120,precip,2026-07-08T22:50:00.000,0.0
26055120,precip,2026-07-08T23:20:00.000,0.0
26055120,precip,2026-07-08T23:00:00.000,0.0
26055120,precip,2026-07-08T22:40:00.000,0.0
26055120,precip,2026-07-08T22:30:00.000,0.0
26055120,precip,2026-07-08T23:50:00.000,0.0
26055120,precip,2026-07-09T00:20:00.000,0.0
26055120,precip,2026-07-09T00:10:00.000,0.0
26055120,precip,2026-07-08T23:40:00.000,0.0
26055120,precip,2026-07-09T00:00:00.000,0.0
26055120,precip,2026-07-09T01:10:00.000,0.0
26055120,precip,2026-07-09T00:40:00.000,0.0
26055120,precip,2026-07-09T00:30:00.000,0.0
26055120,precip,2026-07-09T01:20:00.000,0.0
26055120,precip,2026-07-09T01:00:00.000,0.0
26055120,precip,2026-07-09T00:50:00.000,0.0
26055120,precip,2026-07-09T02:20:00.000,0.0
26055120,precip,2026-07-09T01:30:00.000,0.0
26055120,precip,2026-07-09T02:00:00.000,0.0
26055120,precip,2026-07-09T01:50:00.000,0.0
26055120,precip,2026-07-09T01:40:00.000,0.0
26055120,precip,2026-07-09T02:10:00.000,0.0
26055120,precip,2026-07-09T03:20:00.000,0.0
26055120,precip,2026-07-09T02:40:00.000,0.0
26055120,precip,2026-07-09T03:00:00.000,0.0
26055120,precip,2026-07-09T02:50:00.000,0.0
26055120,precip,2026-07-09T03:10:00.000,0.0
26055120,precip,2026-07-09T02:30:00.000,0.0
26055120,precip,2026-07-09T04:10:00.000,0.0
26055120,precip,2026-07-09T03:40:00.000,0.0
26055120,precip,2026-07-09T03:30:00.000,0.0
26055120,precip,2026-07-09T03:50:00.000,0.0
26055120,precip,2026-07-09T04:00:00.000,0.0
26055120,precip,2026-07-09T04:20:00.000,0.0
26055120,precip,2026-07-08T17:10:00.000,0.0
26055120,precip,2026-07-08T17:20:00.000,0.0
26055120,precip,2026-07-08T17:00:00.000,0.0
26055120,precip,2026-07-08T17:40:00.000,0.0
26055120,precip,2026-07-08T17:50:00.000,0.0
26055120,precip,2026-07-08T18:10:00.000,0.0
26055120,precip,2026-07-08T18:00:00.000,0.0
26055120,precip,2026-07-08T18:20:00.000,0.0
26055120,precip,2026-07-08T17:30:00.000,0.0
26055120,temp,2026-07-08T19:00:00.000,27.6
26055120,temp,2026-07-08T20:00:00.000,26.2
26055120,temp,2026-07-08T21:00:00.000,25.3
26055120,temp,2026-07-08T22:00:00.000,24.7
26055120,temp,2026-07-08T23:00:00.000,24.0
26055120,temp,2026-07-09T00:00:00.000,23.5
26055120,temp,2026-07-09T01:00:00.000,23.0
26055120,temp,2026-07-09T02:00:00.000,23.5
26055120,temp,2026-07-09T03:00:00.000,23.0
26055120,temp,2026-07-09T04:00:00.000,22.4
26055120,temp,2026-07-08T17:00:00.000,28.9
26055120,temp,2026-07-08T18:00:00.000,28.0
26055120,tmax,2026-07-08T18:01:00.000,28.1
26055120,tmax,2026-07-08T19:01:00.000,27.6
26055120,tmax,2026-07-08T20:01:00.000,26.2
26055120,tmax,2026-07-08T21:01:00.000,25.3
26055120,tmax,2026-07-08T22:04:00.000,24.7
26055120,tmax,2026-07-08T23:01:00.000,24.0
26055120,tmax,2026-07-09T00:01:00.000,23.4
26055120,tmax,2026-07-09T01:54:00.000,23.5
26055120,tmax,2026-07-09T02:01:00.000,23.4
26055120,tmax,2026-07-09T03:12:00.000,23.1
26055120,tmax,2026-07-08T17:01:00.000,28.8
26055120,tmin,2026-07-08T18:46:00.000,27.6
26055120,tmin,2026-07-08T19:59:00.000,26.2
26055120,tmin,2026-07-08T21:00:00.000,25.3
26055120,tmin,2026-07-08T21:58:00.000,24.7
26055120,tmin,2026-07-08T22:59:00.000,24.0
26055120,tmin,2026-07-09T00:00:00.000,23.5
26055120,tmin,2026-07-09T00:55:00.000,23.0
26055120,tmin,2026-07-09T01:05:00.000,23.0
26055120,tmin,2026-07-09T02:58:00.000,23.0
26055120,tmin,2026-07-09T03:55:00.000,22.3
26055120,tmin,2026-07-08T17:00:00.000,28.8
26055120,tmin,2026-07-08T17:54:00.000,28.0
26055120,viento,2026-07-08T20:00:00.000,
26055120,viento,2026-07-08T19:20:00.000,
26055120,viento,2026-07-08T19:40:00.000,
26055120,viento,2026-07-08T18:30:00.000,
26055120,viento,2026-07-08T19:30:00.000,
26055120,viento,2026-07-08T18:50:00.000,
26055120,viento,2026-07-08T19:50:00.000,
26055120,viento,2026-07-08T20:20:00.000,
26055120,viento,2026-07-08T19:10:00.000,
26055120,viento,2026-07-08T19:00:00.000,
26055120,viento,2026-07-08T18:40:00.000,
26055120,viento,2026-07-08T20:10:00.000,
26055120,viento,2026-07-08T20:30:00.000,
26055120,viento,2026-07-08T20:40:00.000,
26055120,viento,2026-07-08T21:20:00.000,
26055120,viento,2026-07-08T21:00:00.000,
26055120,viento,2026-07-08T20:50:00.000,
26055120,viento,2026-07-08T21:10:00.000,
26055120,viento,2026-07-08T21:30:00.000,
26055120,viento,2026-07-08T22:10:00.000,
26055120,viento,2026-07-08T22:20:00.000,
26055120,viento,2026-07-08T21:50:00.000,
26055120,viento,2026-07-08T22:00:00.000,
26055120,viento,2026-07-08T21:40:00.000,
26055120,viento,2026-07-08T23:00:00.000,
26055120,viento,2026-07-08T23:30:00.000,
26055120,viento,2026-07-08T23:20:00.000,
26055120,viento,2026-07-08T22:40:00.000,
26055120,viento,2026-07-08T23:10:00.000,
26055120,viento,2026-07-08T22:50:00.000,
26055120,viento,2026-07-08T22:30:00.000,
26055120,viento,2026-07-08T23:50:00.000,
26055120,viento,2026-07-09T00:10:00.000,
26055120,viento,2026-07-09T00:20:00.000,
26055120,viento,2026-07-08T23:40:00.000,
26055120,viento,2026-07-09T00:00:00.000,
26055120,viento,2026-07-09T00:50:00.000,
26055120,viento,2026-07-09T00:30:00.000,
26055120,viento,2026-07-09T01:20:00.000,
26055120,viento,2026-07-09T01:00:00.000,
26055120,viento,2026-07-09T00:40:00.000,
26055120,viento,2026-07-09T01:10:00.000,
26055120,viento,2026-07-09T02:10:00.000,
26055120,viento,2026-07-09T01:40:00.000,
26055120,viento,2026-07-09T01:50:00.000,
26055120,viento,2026-07-09T01:30:00.000,
26055120,viento,2026-07-09T02:20:00.000,
26055120,viento,2026-07-09T02:00:00.000,
26055120,viento,2026-07-09T02:50:00.000,
26055120,viento,2026-07-09T02:30:00.000,
26055120,viento,2026-07-09T02:40:00.000,
26055120,viento,2026-07-09T03:00:00.000,
26055120,viento,2026-07-09T03:10:00.000,
26055120,viento,2026-07-09T03:20:00.000,
26055120,viento,2026-07-09T04:20:00.000,
26055120,viento,2026-07-09T04:10:00.000,
26055120,viento,2026-07-09T03:50:00.000,
26055120,viento,2026-07-09T03:40:00.000,
26055120,viento,2026-07-09T04:00:00.000,
26055120,viento,2026-07-09T03:30:00.000,
26055120,viento,2026-07-08T17:00:00.000,
26055120,viento,2026-07-08T17:20:00.000,
26055120,viento,2026-07-08T17:10:00.000,
26055120,viento,2026-07-08T17:50:00.000,
26055120,viento,2026-07-08T18:10:00.000,
26055120,viento,2026-07-08T17:40:00.000,
26055120,viento,2026-07-08T17:30:00.000,
26055120,viento,2026-07-08T18:20:00.000,
26055120,viento,2026-07-08T18:00:00.000,
26055120,humedad,2026-07-08T20:00:00.000,74.0
26055120,humedad,2026-07-08T19:00:00.000,68.0
26055120,humedad,2026-07-08T21:00:00.000,80.0
26055120,humedad,2026-07-08T22:00:00.000,82.0
26055120,humedad,2026-07-08T23:00:00.000,85.0
26055120,humedad,2026-07-09T00:00:00.000,87.0
26055120,humedad,2026-07-09T01:00:00.000,89.0
26055120,humedad,2026-07-09T02:00:00.000,87.0
26055120,humedad,2026-07-09T03:00:00.000,88.0
26055120,humedad,2026-07-09T04:00:00.000,91.0
26055120,humedad,2026-07-08T17:00:00.000,65.0
26055120,humedad,2026-07-08T18:00:00.000,66.0
26085170,precip,2026-07-08T18:40:00.000,0.0
26085170,precip,2026-07-08T18:10:00.000,0.0
26085170,precip,2026-07-08T18:30:00.000,0.0
26085170,precip,2026-07-08T18:20:00.000,0.0
26085170,precip,2026-07-08T19:00:00.000,0.0
26085170,precip,2026-07-08T18:50:00.000,0.0
26085170,precip,2026-07-08T19:30:00.000,0.0
26085170,precip,2026-07-08T20:00:00.000,0.0
26085170,precip,2026-07-08T19:20:00.000,0.0
26085170,precip,2026-07-08T19:10:00.000,0.0
26085170,precip,2026-07-08T19:50:00.000,0.0
26085170,precip,2026-07-08T19:40:00.000,0.0
26085170,precip,2026-07-08T20:40:00.000,0.0
26085170,precip,2026-07-08T20:30:00.000,0.0
26085170,precip,2026-07-08T20:50:00.000,0.0
26085170,precip,2026-07-08T21:00:00.000,0.0
26085170,precip,2026-07-08T20:20:00.000,0.0
26085170,precip,2026-07-08T20:10:00.000,0.0
26085170,precip,2026-07-08T21:10:00.000,0.0
26085170,precip,2026-07-08T21:20:00.000,0.0
26085170,precip,2026-07-08T21:40:00.000,0.0
26085170,precip,2026-07-08T22:00:00.000,0.0
26085170,precip,2026-07-08T21:50:00.000,0.0
26085170,precip,2026-07-08T21:30:00.000,0.0
26085170,precip,2026-07-09T01:30:00.000,0.0
26085170,precip,2026-07-08T22:20:00.000,0.0
26085170,precip,2026-07-08T23:00:00.000,0.0
26085170,precip,2026-07-09T01:20:00.000,0.0
26085170,precip,2026-07-08T22:10:00.000,0.0
26085170,precip,2026-07-08T22:40:00.000,0.0
26085170,precip,2026-07-08T22:50:00.000,0.0
26085170,precip,2026-07-08T22:30:00.000,0.0
26085170,precip,2026-07-09T01:10:00.000,0.0
26085170,precip,2026-07-09T01:40:00.000,0.0
26085170,precip,2026-07-09T02:00:00.000,0.0
26085170,precip,2026-07-09T01:50:00.000,0.0
26085170,precip,2026-07-08T23:30:00.000,0.0
26085170,precip,2026-07-08T23:20:00.000,0.0
26085170,precip,2026-07-08T23:10:00.000,0.0
26085170,precip,2026-07-08T23:50:00.000,0.0
26085170,precip,2026-07-09T00:00:00.000,0.0
26085170,precip,2026-07-08T23:40:00.000,0.0
26085170,precip,2026-07-09T00:10:00.000,0.0
26085170,precip,2026-07-09T01:00:00.000,0.0
26085170,precip,2026-07-09T00:50:00.000,0.0
26085170,precip,2026-07-09T00:20:00.000,0.0
26085170,precip,2026-07-09T00:30:00.000,0.0
26085170,precip,2026-07-09T00:40:00.000,0.0
26085170,precip,2026-07-09T02:30:00.000,0.0
26085170,precip,2026-07-09T02:10:00.000,0.0
26085170,precip,2026-07-09T03:00:00.000,0.0
26085170,precip,2026-07-09T02:40:00.000,0.0
26085170,precip,2026-07-09T02:50:00.000,0.0
26085170,precip,2026-07-09T02:20:00.000,0.0
26085170,precip,2026-07-08T17:00:00.000,0.0
26085170,precip,2026-07-08T17:40:00.000,0.0
26085170,precip,2026-07-08T17:30:00.000,0.0
26085170,precip,2026-07-08T17:50:00.000,0.0
26085170,precip,2026-07-08T17:10:00.000,0.0
26085170,precip,2026-07-08T17:20:00.000,0.0
26085170,precip,2026-07-08T18:00:00.000,0.0
26085170,temp,2026-07-08T19:00:00.000,28.0
26085170,temp,2026-07-08T20:00:00.000,27.5
26085170,temp,2026-07-08T21:00:00.000,25.8
26085170,temp,2026-07-08T22:00:00.000,25.6
26085170,temp,2026-07-09T02:00:00.000,25.3
26085170,temp,2026-07-08T23:00:00.000,24.6
26085170,temp,2026-07-09T00:00:00.000,25.1
26085170,temp,2026-07-09T01:00:00.000,25.1
26085170,temp,2026-07-09T03:00:00.000,25.1
26085170,temp,2026-07-08T17:00:00.000,29.8
26085170,temp,2026-07-08T18:00:00.000,28.4
26085170,tmax,2026-07-08T19:00:00.000,28.0
26085170,tmax,2026-07-08T20:00:00.000,27.5
26085170,tmax,2026-07-08T21:00:00.000,25.8
26085170,tmax,2026-07-08T22:00:00.000,25.6
26085170,tmax,2026-07-09T02:00:00.000,25.3
26085170,tmax,2026-07-08T23:00:00.000,24.6
26085170,tmax,2026-07-09T00:00:00.000,25.1
26085170,tmax,2026-07-09T01:00:00.000,25.1
26085170,tmax,2026-07-09T03:00:00.000,25.1
26085170,tmax,2026-07-08T17:00:00.000,29.8
26085170,tmax,2026-07-08T18:00:00.000,28.4
26085170,tmin,2026-07-08T19:00:00.000,28.0
26085170,tmin,2026-07-08T20:00:00.000,27.5
26085170,tmin,2026-07-08T21:00:00.000,25.8
26085170,tmin,2026-07-08T22:00:00.000,25.6
26085170,tmin,2026-07-08T23:00:00.000,24.6
26085170,tmin,2026-07-09T02:00:00.000,25.3
26085170,tmin,2026-07-09T00:00:00.000,25.1
26085170,tmin,2026-07-09T01:00:00.000,25.1
26085170,tmin,2026-07-09T03:00:00.000,25.1
26085170,tmin,2026-07-08T17:00:00.000,29.8
26085170,tmin,2026-07-08T18:00:00.000,28.4
26085170,viento,2026-07-08T18:10:00.000,1.6
26085170,viento,2026-07-08T18:20:00.000,1.9
26085170,viento,2026-07-08T18:50:00.000,2.1
26085170,viento,2026-07-08T18:30:00.000,2.9
26085170,viento,2026-07-08T19:00:00.000,1.7
26085170,viento,2026-07-08T18:40:00.000,1.7
26085170,viento,2026-07-08T19:40:00.000,1.5
26085170,viento,2026-07-08T19:30:00.000,1.7
26085170,viento,2026-07-08T19:10:00.000,1.4
26085170,viento,2026-07-08T20:00:00.000,1.8
26085170,viento,2026-07-08T19:20:00.000,1.7
26085170,viento,2026-07-08T19:50:00.000,1.2
26085170,viento,2026-07-08T21:00:00.000,1.7
26085170,viento,2026-07-08T20:50:00.000,1.5
26085170,viento,2026-07-08T20:30:00.000,1.0
26085170,viento,2026-07-08T20:20:00.000,1.1
26085170,viento,2026-07-08T20:40:00.000,1.3
26085170,viento,2026-07-08T20:10:00.000,1.8
26085170,viento,2026-07-08T21:20:00.000,1.5
26085170,viento,2026-07-08T22:00:00.000,2.0
26085170,viento,2026-07-08T21:50:00.000,1.7
26085170,viento,2026-07-08T21:30:00.000,1.6
26085170,viento,2026-07-08T21:10:00.000,1.5
26085170,viento,2026-07-08T21:40:00.000,1.2
26085170,viento,2026-07-09T01:30:00.000,0.8
26085170,viento,2026-07-09T01:20:00.000,1.1
26085170,viento,2026-07-09T01:50:00.000,1.6
26085170,viento,2026-07-09T01:40:00.000,1.2
26085170,viento,2026-07-09T02:00:00.000,1.1
26085170,viento,2026-07-09T01:10:00.000,1.3
26085170,viento,2026-07-08T22:40:00.000,0.2
26085170,viento,2026-07-08T22:50:00.000,0.9
26085170,viento,2026-07-08T22:10:00.000,1.5
26085170,viento,2026-07-08T22:30:00.000,0.5
26085170,viento,2026-07-08T22:20:00.000,1.0
26085170,viento,2026-07-08T23:00:00.000,2.0
26085170,viento,2026-07-09T00:00:00.000,1.0
26085170,viento,2026-07-08T23:30:00.000,1.6
26085170,viento,2026-07-08T23:50:00.000,1.1
26085170,viento,2026-07-08T23:40:00.000,1.2
26085170,viento,2026-07-08T23:20:00.000,2.0
26085170,viento,2026-07-08T23:10:00.000,1.6
26085170,viento,2026-07-09T00:20:00.000,0.8
26085170,viento,2026-07-09T01:00:00.000,1.1
26085170,viento,2026-07-09T00:40:00.000,0.8
26085170,viento,2026-07-09T00:30:00.000,0.8
26085170,viento,2026-07-09T00:50:00.000,0.8
26085170,viento,2026-07-09T00:10:00.000,1.0
26085170,viento,2026-07-09T02:20:00.000,0.9
26085170,viento,2026-07-09T02:10:00.000,1.2
26085170,viento,2026-07-09T02:30:00.000,1.2
26085170,viento,2026-07-09T02:40:00.000,0.8
26085170,viento,2026-07-09T02:50:00.000,1.1
26085170,viento,2026-07-09T03:00:00.000,0.9
26085170,viento,2026-07-08T17:00:00.000,3.1
26085170,viento,2026-07-08T17:40:00.000,3.4
26085170,viento,2026-07-08T17:10:00.000,3.4
26085170,viento,2026-07-08T17:30:00.000,3.4
26085170,viento,2026-07-08T18:00:00.000,2.4
26085170,viento,2026-07-08T17:50:00.000,3.3
26085170,viento,2026-07-08T17:20:00.000,3.3
26085170,humedad,2026-07-08T19:00:00.000,65.0
26085170,humedad,2026-07-08T20:00:00.000,68.0
26085170,humedad,2026-07-08T21:00:00.000,75.0
26085170,humedad,2026-07-08T22:00:00.000,75.0
26085170,humedad,2026-07-08T23:00:00.000,79.0
26085170,humedad,2026-07-09T00:00:00.000,78.0
26085170,humedad,2026-07-09T02:00:00.000,78.0
26085170,humedad,2026-07-09T01:00:00.000,78.0
26085170,humedad,2026-07-09T03:00:00.000,79.0
26085170,humedad,2026-07-08T17:00:00.000,60.0
26085170,humedad,2026-07-08T18:00:00.000,64.0
26085160,precip,2026-07-10T02:30:00.000,0.0
26085160,precip,2026-07-10T04:50:00.000,0.0
26085160,precip,2026-07-10T05:00:00.000,0.0
26085160,precip,2026-07-10T10:20:00.000,0.0
26085160,precip,2026-07-10T10:50:00.000,0.0
26085160,precip,2026-07-10T10:00:00.000,0.0
26085160,precip,2026-07-10T08:00:00.000,0.0
26085160,precip,2026-07-10T11:00:00.000,0.0
26085160,precip,2026-07-10T07:00:00.000,0.0
26085160,precip,2026-07-10T01:50:00.000,0.0
26085160,precip,2026-07-10T06:30:00.000,0.0
26085160,precip,2026-07-10T02:40:00.000,0.0
26085160,precip,2026-07-10T08:50:00.000,0.0
26085160,precip,2026-07-10T03:50:00.000,0.0
26085160,precip,2026-07-10T03:20:00.000,0.0
26085160,precip,2026-07-10T04:10:00.000,0.0
26085160,precip,2026-07-10T03:40:00.000,0.0
26085160,precip,2026-07-10T05:30:00.000,0.0
26085160,precip,2026-07-10T06:40:00.000,0.0
26085160,precip,2026-07-10T11:20:00.000,0.0
26085160,precip,2026-07-10T02:00:00.000,0.0
26085160,precip,2026-07-10T03:30:00.000,0.0
26085160,precip,2026-07-10T08:30:00.000,0.0
26085160,precip,2026-07-10T09:30:00.000,0.0
26085160,precip,2026-07-10T01:00:00.000,0.0
26085160,precip,2026-07-10T01:20:00.000,0.0
26085160,precip,2026-07-10T06:50:00.000,0.0
26085160,precip,2026-07-10T05:50:00.000,0.0
26085160,precip,2026-07-10T10:40:00.000,0.0
26085160,precip,2026-07-10T01:10:00.000,0.0
26085160,precip,2026-07-10T00:50:00.000,0.0
26085160,precip,2026-07-10T07:50:00.000,0.0
26085160,precip,2026-07-10T04:00:00.000,0.0
26085160,precip,2026-07-10T00:30:00.000,0.0
26085160,precip,2026-07-10T10:10:00.000,0.0
26085160,precip,2026-07-10T02:20:00.000,0.0
26085160,precip,2026-07-10T04:20:00.000,0.0
26085160,precip,2026-07-10T07:30:00.000,0.0
26085160,precip,2026-07-10T05:20:00.000,0.0
26085160,precip,2026-07-10T09:20:00.000,0.0
26085160,precip,2026-07-10T06:00:00.000,0.0
26085160,precip,2026-07-10T09:40:00.000,0.0
26085160,precip,2026-07-10T08:10:00.000,0.0
26085160,precip,2026-07-10T06:20:00.000,0.0
26085160,precip,2026-07-10T02:10:00.000,0.0
26085160,precip,2026-07-10T04:40:00.000,0.0
26085160,precip,2026-07-10T07:40:00.000,0.0
26085160,precip,2026-07-10T03:10:00.000,0.0
26085160,precip,2026-07-10T11:10:00.000,0.0
26085160,precip,2026-07-10T07:10:00.000,0.0
26085160,precip,2026-07-10T10:30:00.000,0.0
26085160,precip,2026-07-10T01:40:00.000,0.0
26085160,precip,2026-07-10T03:00:00.000,0.0
26085160,precip,2026-07-10T01:30:00.000,0.0
26085160,precip,2026-07-10T08:20:00.000,0.0
26085160,precip,2026-07-10T00:20:00.000,0.0
26085160,precip,2026-07-10T00:40:00.000,0.0
26085160,precip,2026-07-10T05:40:00.000,0.0
26085160,precip,2026-07-10T08:40:00.000,0.0
26085160,precip,2026-07-10T06:10:00.000,0.0
26085160,precip,2026-07-10T09:50:00.000,0.0
26085160,precip,2026-07-10T05:10:00.000,0.0
26085160,precip,2026-07-10T09:10:00.000,0.0
26085160,precip,2026-07-10T02:50:00.000,0.0
26085160,precip,2026-07-10T04:30:00.000,0.0
26085160,precip,2026-07-10T07:20:00.000,0.0
26085160,precip,2026-07-10T09:00:00.000,0.0
26085160,temp,2026-07-10T07:00:00.000,21.4
26085160,temp,2026-07-10T09:00:00.000,25.0
26085160,temp,2026-07-10T04:00:00.000,21.9
26085160,temp,2026-07-10T03:00:00.000,22.8
26085160,temp,2026-07-10T01:00:00.000,22.6
26085160,temp,2026-07-10T02:00:00.000,22.0
26085160,temp,2026-07-10T08:00:00.000,23.3
26085160,temp,2026-07-10T11:00:00.000,28.5
26085160,temp,2026-07-10T06:00:00.000,21.4
26085160,temp,2026-07-10T10:00:00.000,26.4
26085160,temp,2026-07-10T05:00:00.000,21.6
26085160,tmax,2026-07-10T02:58:00.000,22.8
26085160,tmax,2026-07-10T07:00:00.000,21.4
26085160,tmax,2026-07-10T03:01:00.000,22.8
26085160,tmax,2026-07-10T10:57:00.000,28.7
26085160,tmax,2026-07-10T09:00:00.000,25.1
26085160,tmax,2026-07-10T08:00:00.000,23.3
26085160,tmax,2026-07-10T05:01:00.000,21.5
26085160,tmax,2026-07-10T01:09:00.000,22.8
26085160,tmax,2026-07-10T09:52:00.000,27.1
26085160,tmax,2026-07-10T04:01:00.000,21.9
26085160,tmin,2026-07-10T07:02:00.000,21.4
26085160,tmin,2026-07-10T01:59:00.000,22.0
26085160,tmin,2026-07-10T06:24:00.000,21.1
26085160,tmin,2026-07-10T03:59:00.000,21.9
26085160,tmin,2026-07-10T08:01:00.000,23.4
26085160,tmin,2026-07-10T02:20:00.000,21.7
26085160,tmin,2026-07-10T05:34:00.000,21.2
26085160,tmin,2026-07-10T00:48:00.000,22.6
26085160,tmin,2026-07-10T10:01:00.000,26.5
26085160,tmin,2026-07-10T05:00:00.000,21.6
26085160,tmin,2026-07-10T09:01:00.000,25.2
26085160,viento,2026-07-10T10:00:00.000,2.1
26085160,viento,2026-07-10T08:30:00.000,1.2
26085160,viento,2026-07-10T07:50:00.000,0.6
26085160,viento,2026-07-10T06:40:00.000,0.9
26085160,viento,2026-07-10T10:20:00.000,2.0
26085160,viento,2026-07-10T06:00:00.000,1.3
26085160,viento,2026-07-10T01:10:00.000,1.7
26085160,viento,2026-07-10T01:00:00.000,1.6
26085160,viento,2026-07-10T11:10:00.000,2.1
26085160,viento,2026-07-10T06:20:00.000,1.4
26085160,viento,2026-07-10T04:30:00.000,0.5
26085160,viento,2026-07-10T01:50:00.000,0.8
26085160,viento,2026-07-10T04:40:00.000,0.4
26085160,viento,2026-07-10T08:20:00.000,1.1
26085160,viento,2026-07-10T09:10:00.000,1.7
26085160,viento,2026-07-10T09:40:00.000,2.4
26085160,viento,2026-07-10T11:00:00.000,1.6
26085160,viento,2026-07-10T03:00:00.000,1.4
26085160,viento,2026-07-10T07:00:00.000,0.5
26085160,viento,2026-07-10T02:50:00.000,0.6
26085160,viento,2026-07-10T03:40:00.000,1.4
26085160,viento,2026-07-10T09:00:00.000,0.9
26085160,viento,2026-07-10T00:50:00.000,0.8
26085160,viento,2026-07-10T06:30:00.000,1.2
26085160,viento,2026-07-10T05:00:00.000,1.7
26085160,viento,2026-07-10T03:20:00.000,0.8
26085160,viento,2026-07-10T07:20:00.000,0.5
26085160,viento,2026-07-10T05:20:00.000,1.6
26085160,viento,2026-07-10T04:00:00.000,1.2
26085160,viento,2026-07-10T08:40:00.000,1.0
26085160,viento,2026-07-10T05:50:00.000,1.3
26085160,viento,2026-07-10T09:20:00.000,1.8
26085160,viento,2026-07-10T01:20:00.000,2.0
26085160,viento,2026-07-10T06:50:00.000,0.3
26085160,viento,2026-07-10T05:30:00.000,1.1
26085160,viento,2026-07-10T01:30:00.000,1.9
26085160,viento,2026-07-10T05:40:00.000,1.1
26085160,viento,2026-07-10T08:00:00.000,1.1
26085160,viento,2026-07-10T06:10:00.000,1.6
26085160,viento,2026-07-10T00:20:00.000,0.6
26085160,viento,2026-07-10T04:10:00.000,1.2
26085160,viento,2026-07-10T08:10:00.000,1.1
26085160,viento,2026-07-10T03:10:00.000,1.2
26085160,viento,2026-07-10T10:30:00.000,1.5
26085160,viento,2026-07-10T05:10:00.000,2.2
26085160,viento,2026-07-10T07:40:00.000,0.4
26085160,viento,2026-07-10T02:00:00.000,0.5
26085160,viento,2026-07-10T01:40:00.000,1.4
26085160,viento,2026-07-10T09:30:00.000,1.7
26085160,viento,2026-07-10T02:20:00.000,2.0
26085160,viento,2026-07-10T02:10:00.000,1.5
26085160,viento,2026-07-10T00:40:00.000,1.2
26085160,viento,2026-07-10T03:50:00.000,0.7
26085160,viento,2026-07-10T02:40:00.000,1.4
26085160,viento,2026-07-10T07:10:00.000,0.9
26085160,viento,2026-07-10T10:40:00.000,2.0
26085160,viento,2026-07-10T04:50:00.000,0.9
26085160,viento,2026-07-10T11:20:00.000,2.0
26085160,viento,2026-07-10T10:10:00.000,1.8
26085160,viento,2026-07-10T10:50:00.000,2.3
26085160,viento,2026-07-10T00:30:00.000,0.9
26085160,viento,2026-07-10T07:30:00.000,0.4
26085160,viento,2026-07-10T09:50:00.000,1.8
26085160,viento,2026-07-10T02:30:00.000,0.8
26085160,viento,2026-07-10T08:50:00.000,1.4
26085160,viento,2026-07-10T04:20:00.000,1.3
26085160,viento,2026-07-10T03:30:00.000,1.5
26085160,humedad,2026-07-10T07:00:00.000,88.0
26085160,humedad,2026-07-10T06:00:00.000,87.0
26085160,humedad,2026-07-10T02:00:00.000,85.0
26085160,humedad,2026-07-10T11:00:00.000,61.0
26085160,humedad,2026-07-10T03:00:00.000,76.0
26085160,humedad,2026-07-10T04:00:00.000,85.0
26085160,humedad,2026-07-10T08:00:00.000,81.0
26085160,humedad,2026-07-10T10:00:00.000,70.0
26085160,humedad,2026-07-10T01:00:00.000,84.0
26085160,humedad,2026-07-10T05:00:00.000,86.0
26085160,humedad,2026-07-10T09:00:00.000,74.0
26055120,precip,2026-07-10T06:50:00.000,0.0
26055120,precip,2026-07-10T05:30:00.000,0.0
26055120,precip,2026-07-10T03:10:00.000,0.0
26055120,precip,2026-07-10T05:10:00.000,0.0
26055120,precip,2026-07-10T11:00:00.000,0.0
26055120,precip,2026-07-10T10:30:00.000,0.0
26055120,precip,2026-07-10T07:30:00.000,0.0
26055120,precip,2026-07-10T08:10:00.000,0.0
26055120,precip,2026-07-10T00:50:00.000,0.0
26055120,precip,2026-07-10T04:20:00.000,0.0
26055120,precip,2026-07-10T03:40:00.000,0.0
26055120,precip,2026-07-10T08:00:00.000,0.0
26055120,precip,2026-07-10T11:10:00.000,0.0
26055120,precip,2026-07-10T04:40:00.000,0.0
26055120,precip,2026-07-10T06:00:00.000,0.0
26055120,precip,2026-07-10T10:10:00.000,0.0
26055120,precip,2026-07-10T07:00:00.000,0.0
26055120,precip,2026-07-10T05:40:00.000,0.0
26055120,precip,2026-07-10T09:00:00.000,0.0
26055120,precip,2026-07-10T06:10:00.000,0.0
26055120,precip,2026-07-10T04:30:00.000,0.0
26055120,precip,2026-07-10T07:50:00.000,0.0
26055120,precip,2026-07-10T01:40:00.000,0.0
26055120,precip,2026-07-10T00:20:00.000,0.0
26055120,precip,2026-07-10T10:20:00.000,0.0
26055120,precip,2026-07-10T09:20:00.000,0.0
26055120,precip,2026-07-10T03:20:00.000,0.0
26055120,precip,2026-07-10T07:40:00.000,0.0
26055120,precip,2026-07-10T01:10:00.000,0.0
26055120,precip,2026-07-10T06:40:00.000,0.0
26055120,precip,2026-07-10T07:20:00.000,0.0
26055120,precip,2026-07-10T02:20:00.000,0.0
26055120,precip,2026-07-10T05:00:00.000,0.0
26055120,precip,2026-07-10T01:00:00.000,0.0
26055120,precip,2026-07-10T10:40:00.000,0.0
26055120,precip,2026-07-10T04:50:00.000,0.0
26055120,precip,2026-07-10T04:10:00.000,0.0
26055120,precip,2026-07-10T09:10:00.000,0.0
26055120,precip,2026-07-10T10:00:00.000,0.0
26055120,precip,2026-07-10T02:50:00.000,0.0
26055120,precip,2026-07-10T10:50:00.000,0.0
26055120,precip,2026-07-10T08:50:00.000,0.0
26055120,precip,2026-07-10T07:10:00.000,0.0
26055120,precip,2026-07-10T00:40:00.000,0.0
26055120,precip,2026-07-10T02:10:00.000,0.0
26055120,precip,2026-07-10T09:50:00.000,0.0
26055120,precip,2026-07-10T03:50:00.000,0.0
26055120,precip,2026-07-10T02:30:00.000,0.0
26055120,precip,2026-07-10T05:20:00.000,0.0
26055120,precip,2026-07-10T09:40:00.000,0.0
26055120,precip,2026-07-10T06:20:00.000,0.0
26055120,precip,2026-07-10T02:00:00.000,0.0
26055120,precip,2026-07-10T01:50:00.000,0.0
26055120,precip,2026-07-10T03:30:00.000,0.0
26055120,precip,2026-07-10T01:20:00.000,0.0
26055120,precip,2026-07-10T05:50:00.000,0.0
26055120,precip,2026-07-10T08:40:00.000,0.0
26055120,precip,2026-07-10T06:30:00.000,0.0
26055120,precip,2026-07-10T08:20:00.000,0.0
26055120,precip,2026-07-10T04:00:00.000,0.0
26055120,precip,2026-07-10T01:30:00.000,0.0
26055120,precip,2026-07-10T00:30:00.000,0.0
26055120,precip,2026-07-10T03:00:00.000,0.0
26055120,precip,2026-07-10T02:40:00.000,0.0
26055120,precip,2026-07-10T11:20:00.000,0.0
26055120,precip,2026-07-10T08:30:00.000,0.0
26055120,precip,2026-07-10T09:30:00.000,0.0
26055120,temp,2026-07-10T05:00:00.000,21.6
26055120,temp,2026-07-10T11:00:00.000,30.1
26055120,temp,2026-07-10T02:00:00.000,22.0
26055120,temp,2026-07-10T03:00:00.000,21.8
26055120,temp,2026-07-10T07:00:00.000,21.8
26055120,temp,2026-07-10T10:00:00.000,28.0
26055120,temp,2026-07-10T06:00:00.000,21.3
26055120,temp,2026-07-10T08:00:00.000,24.9
26055120,temp,2026-07-10T01:00:00.000,22.4
26055120,temp,2026-07-10T04:00:00.000,21.6
26055120,temp,2026-07-10T09:00:00.000,26.9
26055120,tmax,2026-07-10T04:29:00.000,21.9
26055120,tmax,2026-07-10T03:29:00.000,22.0
26055120,tmax,2026-07-10T02:19:00.000,22.2
26055120,tmax,2026-07-10T08:56:00.000,26.9
26055120,tmax,2026-07-10T08:00:00.000,24.9
26055120,tmax,2026-07-10T01:13:00.000,22.5
26055120,tmax,2026-07-10T05:01:00.000,21.5
26055120,tmax,2026-07-10T07:00:00.000,21.9
26055120,tmax,2026-07-10T10:00:00.000,28.0
26055120,tmax,2026-07-10T11:00:00.000,30.1
26055120,tmin,2026-07-10T00:46:00.000,22.3
26055120,tmin,2026-07-10T05:52:00.000,21.3
26055120,tmin,2026-07-10T05:00:00.000,21.5
26055120,tmin,2026-07-10T09:01:00.000,26.9
26055120,tmin,2026-07-10T02:00:00.000,22.0
26055120,tmin,2026-07-10T04:00:00.000,21.6
26055120,tmin,2026-07-10T07:01:00.000,21.9
26055120,tmin,2026-07-10T06:32:00.000,21.3
26055120,tmin,2026-07-10T08:01:00.000,24.9
26055120,tmin,2026-07-10T10:02:00.000,28.0
26055120,tmin,2026-07-10T02:52:00.000,21.7
26055120,viento,2026-07-10T09:20:00.000,
26055120,viento,2026-07-10T01:40:00.000,
26055120,viento,2026-07-10T01:30:00.000,
26055120,viento,2026-07-10T11:00:00.000,
26055120,viento,2026-07-10T06:10:00.000,
26055120,viento,2026-07-10T00:30:00.000,
26055120,viento,2026-07-10T03:50:00.000,
26055120,viento,2026-07-10T00:40:00.000,
26055120,viento,2026-07-10T08:50:00.000,
26055120,viento,2026-07-10T09:10:00.000,
26055120,viento,2026-07-10T10:40:00.000,
26055120,viento,2026-07-10T07:10:00.000,
26055120,viento,2026-07-10T04:20:00.000,
26055120,viento,2026-07-10T04:00:00.000,
26055120,viento,2026-07-10T06:40:00.000,
26055120,viento,2026-07-10T07:00:00.000,
26055120,viento,2026-07-10T09:30:00.000,
26055120,viento,2026-07-10T04:50:00.000,
26055120,viento,2026-07-10T08:40:00.000,
26055120,viento,2026-07-10T00:50:00.000,
26055120,viento,2026-07-10T01:50:00.000,
26055120,viento,2026-07-10T05:20:00.000,
26055120,viento,2026-07-10T02:50:00.000,
26055120,viento,2026-07-10T10:20:00.000,
26055120,viento,2026-07-10T03:40:00.000,
26055120,viento,2026-07-10T02:10:00.000,
26055120,viento,2026-07-10T05:00:00.000,
26055120,viento,2026-07-10T04:30:00.000,
26055120,viento,2026-07-10T08:10:00.000,
26055120,viento,2026-07-10T09:00:00.000,
26055120,viento,2026-07-10T11:20:00.000,
26055120,viento,2026-07-10T07:40:00.000,
26055120,viento,2026-07-10T00:20:00.000,
26055120,viento,2026-07-10T04:40:00.000,
26055120,viento,2026-07-10T07:30:00.000,
26055120,viento,2026-07-10T01:20:00.000,
26055120,viento,2026-07-10T03:20:00.000,
26055120,viento,2026-07-10T11:10:00.000,
26055120,viento,2026-07-10T02:00:00.000,
26055120,viento,2026-07-10T04:10:00.000,
26055120,viento,2026-07-10T01:10:00.000,
26055120,viento,2026-07-10T08:00:00.000,
26055120,viento,2026-07-10T10:10:00.000,
26055120,viento,2026-07-10T02:20:00.000,
26055120,viento,2026-07-10T01:00:00.000,
26055120,viento,2026-07-10T09:50:00.000,
26055120,viento,2026-07-10T03:30:00.000,
26055120,viento,2026-07-10T02:30:00.000,
26055120,viento,2026-07-10T02:40:00.000,
26055120,viento,2026-07-10T07:50:00.000,
26055120,viento,2026-07-10T08:20:00.000,
26055120,viento,2026-07-10T05:30:00.000,
26055120,viento,2026-07-10T05:10:00.000,
26055120,viento,2026-07-10T09:40:00.000,
26055120,viento,2026-07-10T08:30:00.000,
26055120,viento,2026-07-10T06:50:00.000,
26055120,viento,2026-07-10T10:50:00.000,
26055120,viento,2026-07-10T05:40:00.000,
26055120,viento,2026-07-10T10:00:00.000,
26055120,viento,2026-07-10T06:00:00.000,
26055120,viento,2026-07-10T03:00:00.000,
26055120,viento,2026-07-10T10:30:00.000,
26055120,viento,2026-07-10T03:10:00.000,
26055120,viento,2026-07-10T07:20:00.000,
26055120,viento,2026-07-10T05:50:00.000,
26055120,viento,2026-07-10T06:20:00.000,
26055120,viento,2026-07-10T06:30:00.000,
26055120,humedad,2026-07-10T07:00:00.000,96.0
26055120,humedad,2026-07-10T08:00:00.000,81.0
26055120,humedad,2026-07-10T10:00:00.000,70.0
26055120,humedad,2026-07-10T05:00:00.000,93.0
26055120,humedad,2026-07-10T03:00:00.000,92.0
26055120,humedad,2026-07-10T01:00:00.000,90.0
26055120,humedad,2026-07-10T04:00:00.000,92.0
26055120,humedad,2026-07-10T02:00:00.000,91.0
26055120,humedad,2026-07-10T06:00:00.000,96.0
26055120,humedad,2026-07-10T09:00:00.000,74.0
26055120,humedad,2026-07-10T11:00:00.000,64.0
26085170,precip,2026-07-10T03:10:00.000,0.0
26085170,precip,2026-07-10T01:00:00.000,0.0
26085170,precip,2026-07-10T07:30:00.000,0.0
26085170,precip,2026-07-10T05:10:00.000,0.0
26085170,precip,2026-07-10T09:00:00.000,0.0
26085170,precip,2026-07-10T03:50:00.000,0.0
26085170,precip,2026-07-10T05:30:00.000,0.0
26085170,precip,2026-07-10T03:30:00.000,0.0
26085170,precip,2026-07-10T02:30:00.000,0.0
26085170,precip,2026-07-10T08:20:00.000,0.0
26085170,precip,2026-07-10T02:20:00.000,0.0
26085170,precip,2026-07-10T07:50:00.000,0.0
26085170,precip,2026-07-10T03:40:00.000,0.0
26085170,precip,2026-07-10T05:40:00.000,0.0
26085170,precip,2026-07-10T09:50:00.000,0.0
26085170,precip,2026-07-10T09:10:00.000,0.0
26085170,precip,2026-07-10T03:20:00.000,0.0
26085170,precip,2026-07-10T07:20:00.000,0.0
26085170,precip,2026-07-10T08:40:00.000,0.0
26085170,precip,2026-07-10T06:20:00.000,0.0
26085170,precip,2026-07-10T09:30:00.000,0.0
26085170,precip,2026-07-10T01:10:00.000,0.0
26085170,precip,2026-07-10T08:30:00.000,0.0
26085170,precip,2026-07-10T02:10:00.000,0.0
26085170,precip,2026-07-10T00:20:00.000,0.0
26085170,precip,2026-07-10T04:10:00.000,0.0
26085170,precip,2026-07-10T04:40:00.000,0.0
26085170,precip,2026-07-10T09:40:00.000,0.0
26085170,precip,2026-07-10T02:40:00.000,0.0
26085170,precip,2026-07-10T01:30:00.000,0.0
26085170,precip,2026-07-10T00:50:00.000,0.0
26085170,precip,2026-07-10T01:20:00.000,0.0
26085170,precip,2026-07-10T07:40:00.000,0.0
26085170,precip,2026-07-10T07:00:00.000,0.0
26085170,precip,2026-07-10T06:50:00.000,0.0
26085170,precip,2026-07-10T05:00:00.000,0.0
26085170,precip,2026-07-10T07:10:00.000,0.0
26085170,precip,2026-07-10T00:40:00.000,0.0
26085170,precip,2026-07-10T08:00:00.000,0.0
26085170,precip,2026-07-10T06:40:00.000,0.0
26085170,precip,2026-07-10T02:50:00.000,0.0
26085170,precip,2026-07-10T00:30:00.000,0.0
26085170,precip,2026-07-10T08:50:00.000,0.0
26085170,precip,2026-07-10T04:50:00.000,0.0
26085170,precip,2026-07-10T02:00:00.000,0.0
26085170,precip,2026-07-10T10:00:00.000,0.0
26085170,precip,2026-07-10T03:00:00.000,0.0
26085170,precip,2026-07-10T05:20:00.000,0.0
26085170,precip,2026-07-10T01:40:00.000,0.0
26085170,precip,2026-07-10T01:50:00.000,0.0
26085170,precip,2026-07-10T04:30:00.000,0.0
26085170,precip,2026-07-10T04:00:00.000,0.0
26085170,precip,2026-07-10T04:20:00.000,0.0
26085170,precip,2026-07-10T06:30:00.000,0.0
26085170,precip,2026-07-10T06:00:00.000,0.0
26085170,precip,2026-07-10T08:10:00.000,0.0
26085170,precip,2026-07-10T09:20:00.000,0.0
26085170,precip,2026-07-10T05:50:00.000,0.0
26085170,precip,2026-07-10T06:10:00.000,0.0
26085170,temp,2026-07-10T01:00:00.000,23.9
26085170,temp,2026-07-10T06:00:00.000,21.8
26085170,temp,2026-07-10T04:00:00.000,22.9
26085170,temp,2026-07-10T10:00:00.000,28.2
26085170,temp,2026-07-10T09:00:00.000,27.9
26085170,temp,2026-07-10T07:00:00.000,23.1
26085170,temp,2026-07-10T02:00:00.000,23.7
26085170,temp,2026-07-10T03:00:00.000,23.9
26085170,temp,2026-07-10T08:00:00.000,25.0
26085170,temp,2026-07-10T05:00:00.000,21.7
26085170,tmax,2026-07-10T03:00:00.000,23.9
26085170,tmax,2026-07-10T01:00:00.000,23.9
26085170,tmax,2026-07-10T06:00:00.000,21.8
26085170,tmax,2026-07-10T08:00:00.000,25.0
26085170,tmax,2026-07-10T10:00:00.000,28.2
26085170,tmax,2026-07-10T02:00:00.000,23.7
26085170,tmax,2026-07-10T05:00:00.000,21.7
26085170,tmax,2026-07-10T09:00:00.000,27.9
26085170,tmax,2026-07-10T04:00:00.000,22.9
26085170,tmax,2026-07-10T07:00:00.000,23.1
26085170,tmin,2026-07-10T07:00:00.000,23.1
26085170,tmin,2026-07-10T05:00:00.000,21.7
26085170,tmin,2026-07-10T09:00:00.000,27.9
26085170,tmin,2026-07-10T06:00:00.000,21.8
26085170,tmin,2026-07-10T08:00:00.000,25.0
26085170,tmin,2026-07-10T10:00:00.000,28.2
26085170,tmin,2026-07-10T04:00:00.000,22.9
26085170,tmin,2026-07-10T01:00:00.000,23.9
26085170,tmin,2026-07-10T03:00:00.000,23.9
26085170,tmin,2026-07-10T02:00:00.000,23.7
26085170,viento,2026-07-10T01:30:00.000,0.7
26085170,viento,2026-07-10T10:00:00.000,2.0
26085170,viento,2026-07-10T07:10:00.000,1.0
26085170,viento,2026-07-10T06:20:00.000,0.7
26085170,viento,2026-07-10T05:30:00.000,0.5
26085170,viento,2026-07-10T04:40:00.000,1.3
26085170,viento,2026-07-10T03:20:00.000,1.8
26085170,viento,2026-07-10T06:50:00.000,0.9
26085170,viento,2026-07-10T01:20:00.000,1.1
26085170,viento,2026-07-10T03:10:00.000,0.8
26085170,viento,2026-07-10T08:40:00.000,1.4
26085170,viento,2026-07-10T04:30:00.000,1.4
26085170,viento,2026-07-10T02:50:00.000,1.1
26085170,viento,2026-07-10T02:00:00.000,1.0
26085170,viento,2026-07-10T04:50:00.000,1.1
26085170,viento,2026-07-10T07:00:00.000,1.1
26085170,viento,2026-07-10T05:20:00.000,0.3
26085170,viento,2026-07-10T07:40:00.000,0.7
26085170,viento,2026-07-10T05:50:00.000,0.4
26085170,viento,2026-07-10T08:00:00.000,0.7
26085170,viento,2026-07-10T05:00:00.000,0.2
26085170,viento,2026-07-10T09:50:00.000,1.9
26085170,viento,2026-07-10T09:20:00.000,2.9
26085170,viento,2026-07-10T00:40:00.000,0.2
26085170,viento,2026-07-10T06:10:00.000,0.7
26085170,viento,2026-07-10T09:10:00.000,2.5
26085170,viento,2026-07-10T09:30:00.000,2.4
26085170,viento,2026-07-10T03:50:00.000,0.5
26085170,viento,2026-07-10T00:30:00.000,1.2
26085170,viento,2026-07-10T03:40:00.000,1.0
26085170,viento,2026-07-10T02:10:00.000,0.9
26085170,viento,2026-07-10T01:00:00.000,0.2
26085170,viento,2026-07-10T08:20:00.000,1.6
26085170,viento,2026-07-10T07:50:00.000,0.8
26085170,viento,2026-07-10T04:10:00.000,0.1
26085170,viento,2026-07-10T08:30:00.000,1.4
26085170,viento,2026-07-10T05:10:00.000,0.5
26085170,viento,2026-07-10T08:10:00.000,0.8
26085170,viento,2026-07-10T02:40:00.000,1.6
26085170,viento,2026-07-10T03:00:00.000,0.8
26085170,viento,2026-07-10T03:30:00.000,1.6
26085170,viento,2026-07-10T05:40:00.000,0.6
26085170,viento,2026-07-10T09:40:00.000,2.3
26085170,viento,2026-07-10T08:50:00.000,1.8
26085170,viento,2026-07-10T06:40:00.000,0.4
26085170,viento,2026-07-10T01:10:00.000,0.4
26085170,viento,2026-07-10T06:30:00.000,0.6
26085170,viento,2026-07-10T06:00:00.000,0.4
26085170,viento,2026-07-10T01:40:00.000,0.4
26085170,viento,2026-07-10T02:20:00.000,0.9
26085170,viento,2026-07-10T04:20:00.000,0.8
26085170,viento,2026-07-10T04:00:00.000,0.1
26085170,viento,2026-07-10T07:20:00.000,0.5
26085170,viento,2026-07-10T07:30:00.000,0.9
26085170,viento,2026-07-10T02:30:00.000,0.7
26085170,viento,2026-07-10T00:20:00.000,1.1
26085170,viento,2026-07-10T00:50:00.000,0.0
26085170,viento,2026-07-10T09:00:00.000,1.9
26085170,viento,2026-07-10T01:50:00.000,0.6
26085170,humedad,2026-07-10T07:00:00.000,83.0
26085170,humedad,2026-07-10T02:00:00.000,82.0
26085170,humedad,2026-07-10T10:00:00.000,68.0
26085170,humedad,2026-07-10T04:00:00.000,85.0
26085170,humedad,2026-07-10T08:00:00.000,76.0
26085170,humedad,2026-07-10T06:00:00.000,89.0
26085170,humedad,2026-07-10T03:00:00.000,81.0
26085170,humedad,2026-07-10T01:00:00.000,80.0
26085170,humedad,2026-07-10T09:00:00.000,68.0
26085170,humedad,2026-07-10T05:00:00.000,88.0
26085160,precip,2026-07-10T11:40:00.000,0.0
26085160,precip,2026-07-10T11:50:00.000,0.0
26085160,precip,2026-07-10T12:00:00.000,0.0
26085160,precip,2026-07-10T11:30:00.000,0.0
26085160,precip,2026-07-10T12:10:00.000,0.0
26085160,precip,2026-07-10T12:20:00.000,0.0
26085160,temp,2026-07-10T12:00:00.000,30.6
26085160,tmax,2026-07-10T12:00:00.000,30.7
26085160,tmin,2026-07-10T11:02:00.000,27.8
26085160,viento,2026-07-10T11:40:00.000,1.8
26085160,viento,2026-07-10T12:00:00.000,2.3
26085160,viento,2026-07-10T12:10:00.000,1.8
26085160,viento,2026-07-10T12:20:00.000,1.6
26085160,viento,2026-07-10T11:50:00.000,1.7
26085160,viento,2026-07-10T11:30:00.000,2.2
26085160,humedad,2026-07-10T12:00:00.000,58.0
26055120,precip,2026-07-10T12:00:00.000,0.0
26055120,precip,2026-07-10T11:50:00.000,0.0
26055120,precip,2026-07-10T11:30:00.000,0.0
26055120,precip,2026-07-10T12:10:00.000,0.0
26055120,precip,2026-07-10T11:40:00.000,0.0
26055120,precip,2026-07-10T12:20:00.000,0.0
26055120,temp,2026-07-10T12:00:00.000,32.1
26055120,tmax,2026-07-10T12:00:00.000,32.1
26055120,tmin,2026-07-10T11:04:00.000,30.1
26055120,viento,2026-07-10T12:20:00.000,
26055120,viento,2026-07-10T11:50:00.000,
26055120,viento,2026-07-10T12:10:00.000,
26055120,viento,2026-07-10T11:40:00.000,
26055120,viento,2026-07-10T12:00:00.000,
26055120,viento,2026-07-10T11:30:00.000,
26055120,humedad,2026-07-10T12:00:00.000,56.0
26085170,precip,2026-07-10T10:40:00.000,0.0
26085170,precip,2026-07-10T10:20:00.000,0.0
26085170,precip,2026-07-10T10:50:00.000,0.0
26085170,precip,2026-07-10T11:00:00.000,0.0
26085170,precip,2026-07-10T10:30:00.000,0.0
26085170,precip,2026-07-10T10:10:00.000,0.0
26085170,temp,2026-07-10T11:00:00.000,29.3
26085170,tmax,2026-07-10T11:00:00.000,29.3
26085170,tmin,2026-07-10T11:00:00.000,29.3
26085170,viento,2026-07-10T11:00:00.000,2.6
26085170,viento,2026-07-10T10:30:00.000,1.2
26085170,viento,2026-07-10T10:40:00.000,2.2
26085170,viento,2026-07-10T10:20:00.000,1.7
26085170,viento,2026-07-10T10:50:00.000,1.7
26085170,viento,2026-07-10T10:10:00.000,2.3
26085170,humedad,2026-07-10T11:00:00.000,64.0
26085160,precip,2026-07-10T12:40:00.000,0.0
26085160,precip,2026-07-10T13:20:00.000,0.0
26085160,precip,2026-07-10T12:30:00.000,0.0
26085160,precip,2026-07-10T13:00:00.000,0.0
26085160,precip,2026-07-10T13:10:00.000,0.0
26085160,precip,2026-07-10T12:50:00.000,0.0
26085160,precip,2026-07-10T13:30:00.000,0.0
26085160,precip,2026-07-10T14:20:00.000,0.0
26085160,precip,2026-07-10T13:40:00.000,0.0
26085160,precip,2026-07-10T14:10:00.000,0.0
26085160,precip,2026-07-10T14:00:00.000,0.0
26085160,precip,2026-07-10T13:50:00.000,0.0
26085160,precip,2026-07-10T14:30:00.000,0.0
26085160,precip,2026-07-10T14:50:00.000,0.0
26085160,precip,2026-07-10T15:20:00.000,0.0
26085160,precip,2026-07-10T15:10:00.000,0.0
26085160,precip,2026-07-10T14:40:00.000,0.0
26085160,precip,2026-07-10T15:00:00.000,0.0
26085160,precip,2026-07-10T16:00:00.000,0.0
26085160,precip,2026-07-10T15:30:00.000,0.0
26085160,precip,2026-07-10T15:40:00.000,0.0
26085160,precip,2026-07-10T16:20:00.000,0.0
26085160,precip,2026-07-10T16:10:00.000,0.0
26085160,precip,2026-07-10T15:50:00.000,0.0
26085160,precip,2026-07-10T16:50:00.000,0.0
26085160,precip,2026-07-10T17:10:00.000,0.0
26085160,precip,2026-07-10T16:30:00.000,0.0
26085160,precip,2026-07-10T17:20:00.000,0.0
26085160,precip,2026-07-10T17:00:00.000,0.0
26085160,precip,2026-07-10T16:40:00.000,0.0
26085160,temp,2026-07-10T13:00:00.000,31.6
26085160,temp,2026-07-10T14:00:00.000,30.6
26085160,temp,2026-07-10T15:00:00.000,27.8
26085160,temp,2026-07-10T16:00:00.000,26.6
26085160,temp,2026-07-10T17:00:00.000,26.5
26085160,tmax,2026-07-10T12:58:00.000,31.8
26085160,tmax,2026-07-10T13:01:00.000,31.5
26085160,tmax,2026-07-10T14:01:00.000,30.5
26085160,tmax,2026-07-10T15:05:00.000,27.9
26085160,tmax,2026-07-10T16:39:00.000,27.0
26085160,tmin,2026-07-10T12:07:00.000,30.0
26085160,tmin,2026-07-10T13:45:00.000,30.5
26085160,tmin,2026-07-10T14:58:00.000,27.8
26085160,tmin,2026-07-10T15:57:00.000,26.6
26085160,tmin,2026-07-10T16:57:00.000,26.4
26085160,viento,2026-07-10T12:30:00.000,2.2
26085160,viento,2026-07-10T13:30:00.000,2.2
26085160,viento,2026-07-10T13:20:00.000,2.8
26085160,viento,2026-07-10T12:50:00.000,1.7
26085160,viento,2026-07-10T12:40:00.000,2.5
26085160,viento,2026-07-10T13:00:00.000,2.5
26085160,viento,2026-07-10T13:10:00.000,2.4
26085160,viento,2026-07-10T14:00:00.000,1.7
26085160,viento,2026-07-10T14:10:00.000,3.9
26085160,viento,2026-07-10T14:20:00.000,3.9
26085160,viento,2026-07-10T13:50:00.000,1.9
26085160,viento,2026-07-10T13:40:00.000,1.6
26085160,viento,2026-07-10T15:20:00.000,5.5
26085160,viento,2026-07-10T14:50:00.000,4.7
26085160,viento,2026-07-10T15:10:00.000,4.7
26085160,viento,2026-07-10T14:40:00.000,4.6
26085160,viento,2026-07-10T14:30:00.000,4.3
26085160,viento,2026-07-10T15:00:00.000,4.6
26085160,viento,2026-07-10T15:50:00.000,6.1
26085160,viento,2026-07-10T16:20:00.000,6.9
26085160,viento,2026-07-10T16:00:00.000,7.2
26085160,viento,2026-07-10T15:30:00.000,7.0
26085160,viento,2026-07-10T16:10:00.000,7.4
26085160,viento,2026-07-10T15:40:00.000,6.4
26085160,viento,2026-07-10T16:50:00.000,7.0
26085160,viento,2026-07-10T16:40:00.000,6.2
26085160,viento,2026-07-10T17:00:00.000,8.0
26085160,viento,2026-07-10T17:10:00.000,8.2
26085160,viento,2026-07-10T17:20:00.000,8.1
26085160,viento,2026-07-10T16:30:00.000,6.8
26085160,humedad,2026-07-10T13:00:00.000,50.0
26085160,humedad,2026-07-10T14:00:00.000,52.0
26085160,humedad,2026-07-10T15:00:00.000,63.0
26085160,humedad,2026-07-10T16:00:00.000,65.0
26085160,humedad,2026-07-10T17:00:00.000,65.0
26055120,precip,2026-07-10T12:50:00.000,0.0
26055120,precip,2026-07-10T13:20:00.000,0.0
26055120,precip,2026-07-10T13:10:00.000,0.0
26055120,precip,2026-07-10T13:00:00.000,0.0
26055120,precip,2026-07-10T13:30:00.000,0.0
26055120,precip,2026-07-10T12:30:00.000,0.0
26055120,precip,2026-07-10T12:40:00.000,0.0
26055120,precip,2026-07-10T14:20:00.000,0.0
26055120,precip,2026-07-10T14:10:00.000,0.0
26055120,precip,2026-07-10T14:00:00.000,0.0
26055120,precip,2026-07-10T13:50:00.000,0.0
26055120,precip,2026-07-10T13:40:00.000,0.0
26055120,precip,2026-07-10T15:00:00.000,0.0
26055120,precip,2026-07-10T15:10:00.000,0.0
26055120,precip,2026-07-10T14:30:00.000,0.0
26055120,precip,2026-07-10T15:20:00.000,0.0
26055120,precip,2026-07-10T14:40:00.000,0.0
26055120,precip,2026-07-10T14:50:00.000,0.0
26055120,precip,2026-07-10T15:30:00.000,0.0
26055120,precip,2026-07-10T16:00:00.000,0.0
26055120,precip,2026-07-10T16:20:00.000,0.0
26055120,precip,2026-07-10T15:50:00.000,0.0
26055120,precip,2026-07-10T16:10:00.000,0.0
26055120,precip,2026-07-10T15:40:00.000,0.0
26055120,precip,2026-07-10T16:40:00.000,0.0
26055120,precip,2026-07-10T16:30:00.000,0.0
26055120,precip,2026-07-10T17:20:00.000,0.0
26055120,precip,2026-07-10T17:00:00.000,0.0
26055120,precip,2026-07-10T16:50:00.000,0.0
26055120,precip,2026-07-10T17:10:00.000,0.0
26055120,temp,2026-07-10T13:00:00.000,33.3
26055120,temp,2026-07-10T14:00:00.000,32.4
26055120,temp,2026-07-10T15:00:00.000,31.6
26055120,temp,2026-07-10T16:00:00.000,29.9
26055120,temp,2026-07-10T17:00:00.000,29.8
26055120,tmax,2026-07-10T12:57:00.000,33.4
26055120,tmax,2026-07-10T13:05:00.000,33.5
26055120,tmax,2026-07-10T14:01:00.000,32.2
26055120,tmax,2026-07-10T15:01:00.000,31.6
26055120,tmax,2026-07-10T16:58:00.000,29.9
26055120,tmin,2026-07-10T12:04:00.000,32.0
26055120,tmin,2026-07-10T13:17:00.000,32.2
26055120,tmin,2026-07-10T14:31:00.000,31.5
26055120,tmin,2026-07-10T16:00:00.000,29.8
26055120,tmin,2026-07-10T16:46:00.000,29.5
26055120,viento,2026-07-10T13:10:00.000,
26055120,viento,2026-07-10T12:30:00.000,
26055120,viento,2026-07-10T12:40:00.000,
26055120,viento,2026-07-10T13:00:00.000,
26055120,viento,2026-07-10T13:30:00.000,
26055120,viento,2026-07-10T12:50:00.000,
26055120,viento,2026-07-10T13:20:00.000,
26055120,viento,2026-07-10T14:20:00.000,
26055120,viento,2026-07-10T14:10:00.000,
26055120,viento,2026-07-10T13:50:00.000,
26055120,viento,2026-07-10T13:40:00.000,
26055120,viento,2026-07-10T14:00:00.000,
26055120,viento,2026-07-10T15:00:00.000,
26055120,viento,2026-07-10T15:20:00.000,
26055120,viento,2026-07-10T14:30:00.000,
26055120,viento,2026-07-10T15:10:00.000,
26055120,viento,2026-07-10T14:50:00.000,
26055120,viento,2026-07-10T14:40:00.000,
26055120,viento,2026-07-10T16:20:00.000,
26055120,viento,2026-07-10T15:40:00.000,
26055120,viento,2026-07-10T16:10:00.000,
26055120,viento,2026-07-10T15:30:00.000,
26055120,viento,2026-07-10T15:50:00.000,
26055120,viento,2026-07-10T16:00:00.000,
26055120,viento,2026-07-10T17:10:00.000,
26055120,viento,2026-07-10T16:30:00.000,
26055120,viento,2026-07-10T16:40:00.000,
26055120,viento,2026-07-10T17:20:00.000,
26055120,viento,2026-07-10T16:50:00.000,
26055120,viento,2026-07-10T17:00:00.000,
26055120,humedad,2026-07-10T13:00:00.000,52.0
26055120,humedad,2026-07-10T14:00:00.000,52.0
26055120,humedad,2026-07-10T15:00:00.000,60.0
26055120,humedad,2026-07-10T16:00:00.000,62.0
26055120,humedad,2026-07-10T17:00:00.000,61.0
26085170,precip,2026-07-10T11:10:00.000,0.0
26085170,precip,2026-07-10T12:00:00.000,0.0
26085170,precip,2026-07-10T11:40:00.000,0.0
26085170,precip,2026-07-10T11:30:00.000,0.0
26085170,precip,2026-07-10T11:20:00.000,0.0
26085170,precip,2026-07-10T11:50:00.000,0.0
26085170,precip,2026-07-10T12:30:00.000,0.0
26085170,precip,2026-07-10T12:20:00.000,0.0
26085170,precip,2026-07-10T13:00:00.000,0.0
26085170,precip,2026-07-10T12:40:00.000,0.0
26085170,precip,2026-07-10T12:10:00.000,0.0
26085170,precip,2026-07-10T12:50:00.000,0.0
26085170,precip,2026-07-10T14:00:00.000,0.0
26085170,precip,2026-07-10T13:50:00.000,0.0
26085170,precip,2026-07-10T13:20:00.000,0.0
26085170,precip,2026-07-10T13:10:00.000,0.0
26085170,precip,2026-07-10T13:30:00.000,0.0
26085170,precip,2026-07-10T13:40:00.000,0.0
26085170,precip,2026-07-10T14:10:00.000,0.0
26085170,precip,2026-07-10T15:00:00.000,0.0
26085170,precip,2026-07-10T14:20:00.000,0.0
26085170,precip,2026-07-10T14:40:00.000,0.0
26085170,precip,2026-07-10T14:50:00.000,0.0
26085170,precip,2026-07-10T14:30:00.000,0.0
26085170,precip,2026-07-10T15:40:00.000,0.0
26085170,precip,2026-07-10T15:30:00.000,0.0
26085170,precip,2026-07-10T15:20:00.000,0.0
26085170,precip,2026-07-10T15:10:00.000,0.0
26085170,precip,2026-07-10T16:00:00.000,0.0
26085170,precip,2026-07-10T15:50:00.000,0.0
26085170,temp,2026-07-10T12:00:00.000,30.9
26085170,temp,2026-07-10T13:00:00.000,32.1
26085170,temp,2026-07-10T14:00:00.000,31.5
26085170,temp,2026-07-10T15:00:00.000,32.4
26085170,temp,2026-07-10T16:00:00.000,31.0
26085170,tmax,2026-07-10T12:00:00.000,30.9
26085170,tmax,2026-07-10T13:00:00.000,32.1
26085170,tmax,2026-07-10T14:00:00.000,31.5
26085170,tmax,2026-07-10T15:00:00.000,32.4
26085170,tmax,2026-07-10T16:00:00.000,31.0
26085170,tmin,2026-07-10T12:00:00.000,30.9
26085170,tmin,2026-07-10T13:00:00.000,32.1
26085170,tmin,2026-07-10T14:00:00.000,31.5
26085170,tmin,2026-07-10T15:00:00.000,32.4
26085170,tmin,2026-07-10T16:00:00.000,31.0
26085170,viento,2026-07-10T11:10:00.000,1.4
26085170,viento,2026-07-10T11:20:00.000,2.3
26085170,viento,2026-07-10T11:50:00.000,1.8
26085170,viento,2026-07-10T11:30:00.000,1.5
26085170,viento,2026-07-10T11:40:00.000,2.3
26085170,viento,2026-07-10T12:00:00.000,1.6
26085170,viento,2026-07-10T12:40:00.000,2.1
26085170,viento,2026-07-10T13:00:00.000,2.1
26085170,viento,2026-07-10T12:10:00.000,1.6
26085170,viento,2026-07-10T12:30:00.000,3.2
26085170,viento,2026-07-10T12:50:00.000,2.2
26085170,viento,2026-07-10T12:20:00.000,1.9
26085170,viento,2026-07-10T13:30:00.000,2.1
26085170,viento,2026-07-10T14:00:00.000,2.3
26085170,viento,2026-07-10T13:40:00.000,2.0
26085170,viento,2026-07-10T13:20:00.000,2.5
26085170,viento,2026-07-10T13:10:00.000,2.8
26085170,viento,2026-07-10T13:50:00.000,2.1
26085170,viento,2026-07-10T14:50:00.000,1.7
26085170,viento,2026-07-10T14:40:00.000,2.6
26085170,viento,2026-07-10T14:30:00.000,2.5
26085170,viento,2026-07-10T14:20:00.000,2.2
26085170,viento,2026-07-10T14:10:00.000,3.0
26085170,viento,2026-07-10T15:00:00.000,2.0
26085170,viento,2026-07-10T15:10:00.000,3.7
26085170,viento,2026-07-10T15:40:00.000,4.0
26085170,viento,2026-07-10T15:20:00.000,4.6
26085170,viento,2026-07-10T15:50:00.000,5.2
26085170,viento,2026-07-10T16:00:00.000,4.5
26085170,viento,2026-07-10T15:30:00.000,4.2
26085170,humedad,2026-07-10T12:00:00.000,58.0
26085170,humedad,2026-07-10T13:00:00.000,55.0
26085170,humedad,2026-07-10T14:00:00.000,54.0
26085170,humedad,2026-07-10T15:00:00.000,52.0
26085170,humedad,2026-07-10T16:00:00.000,57.0
26085160,precip,2026-07-10T17:30:00.000,0.0
26085160,precip,2026-07-10T18:00:00.000,0.0
26085160,precip,2026-07-10T17:50:00.000,0.0
26085160,precip,2026-07-10T18:10:00.000,0.0
26085160,precip,2026-07-10T18:20:00.000,0.0
26085160,precip,2026-07-10T17:40:00.000,0.0
26085160,temp,2026-07-10T18:00:00.000,25.3
26085160,tmax,2026-07-10T17:01:00.000,26.4
26085160,tmin,2026-07-10T17:59:00.000,25.3
26085160,viento,2026-07-10T17:40:00.000,8.8
26085160,viento,2026-07-10T17:30:00.000,8.5
26085160,viento,2026-07-10T17:50:00.000,9.5
26085160,viento,2026-07-10T18:00:00.000,9.2
26085160,viento,2026-07-10T18:20:00.000,9.9
26085160,viento,2026-07-10T18:10:00.000,8.8
26085160,humedad,2026-07-10T18:00:00.000,67.0
26055120,precip,2026-07-10T18:00:00.000,0.0
26055120,precip,2026-07-10T17:50:00.000,0.0
26055120,precip,2026-07-10T18:10:00.000,0.0
26055120,precip,2026-07-10T17:40:00.000,0.0
26055120,precip,2026-07-10T17:30:00.000,0.0
26055120,precip,2026-07-10T18:20:00.000,0.0
26055120,temp,2026-07-10T18:00:00.000,27.8
26055120,tmax,2026-07-10T17:01:00.000,29.7
26055120,tmin,2026-07-10T17:59:00.000,27.8
26055120,viento,2026-07-10T17:50:00.000,
26055120,viento,2026-07-10T18:20:00.000,
26055120,viento,2026-07-10T18:10:00.000,
26055120,viento,2026-07-10T17:30:00.000,
26055120,viento,2026-07-10T17:40:00.000,
26055120,viento,2026-07-10T18:00:00.000,
26055120,humedad,2026-07-10T18:00:00.000,64.0
26085170,precip,2026-07-10T16:50:00.000,0.0
26085170,precip,2026-07-10T17:00:00.000,0.0
26085170,precip,2026-07-10T16:40:00.000,0.0
26085170,precip,2026-07-10T16:30:00.000,0.0
26085170,precip,2026-07-10T16:20:00.000,0.0
26085170,precip,2026-07-10T16:10:00.000,0.0
26085170,temp,2026-07-10T17:00:00.000,30.8
26085170,tmax,2026-07-10T17:00:00.000,30.8
26085170,tmin,2026-07-10T17:00:00.000,30.8
26085170,viento,2026-07-10T17:00:00.000,3.5
26085170,viento,2026-07-10T16:20:00.000,4.1
26085170,viento,2026-07-10T16:40:00.000,4.1
26085170,viento,2026-07-10T16:10:00.000,4.1
26085170,viento,2026-07-10T16:50:00.000,3.6
26085170,viento,2026-07-10T16:30:00.000,4.6
26085170,humedad,2026-07-10T17:00:00.000,56.0
26085160,precip,2026-07-10T19:10:00.000,0.0
26085160,precip,2026-07-10T18:40:00.000,0.0
26085160,precip,2026-07-10T18:30:00.000,0.0
26085160,precip,2026-07-10T19:00:00.000,0.0
26085160,precip,2026-07-10T18:50:00.000,0.0
26085160,precip,2026-07-10T19:20:00.000,0.0
26085160,precip,2026-07-10T19:30:00.000,0.0
26085160,precip,2026-07-10T20:00:00.000,0.0
26085160,precip,2026-07-10T20:10:00.000,0.0
26085160,precip,2026-07-10T20:20:00.000,0.0
26085160,precip,2026-07-10T19:50:00.000,0.0
26085160,precip,2026-07-10T19:40:00.000,0.0
26085160,precip,2026-07-10T20:50:00.000,0.0
26085160,precip,2026-07-10T20:30:00.000,0.0
26085160,precip,2026-07-10T21:00:00.000,0.0
26085160,precip,2026-07-10T21:10:00.000,0.0
26085160,precip,2026-07-10T20:40:00.000,0.0
26085160,precip,2026-07-10T21:20:00.000,0.0
26085160,precip,2026-07-10T21:40:00.000,0.0
26085160,precip,2026-07-10T21:50:00.000,0.0
26085160,precip,2026-07-10T22:20:00.000,0.0
26085160,precip,2026-07-10T22:00:00.000,0.0
26085160,precip,2026-07-10T21:30:00.000,0.0
26085160,precip,2026-07-10T22:10:00.000,0.0
26085160,precip,2026-07-10T22:50:00.000,0.0
26085160,precip,2026-07-10T23:00:00.000,0.0
26085160,precip,2026-07-10T22:40:00.000,0.0
26085160,precip,2026-07-10T23:10:00.000,0.0
26085160,precip,2026-07-10T23:20:00.000,0.0
26085160,precip,2026-07-10T22:30:00.000,0.0
26085160,temp,2026-07-10T19:00:00.000,24.7
26085160,temp,2026-07-10T20:00:00.000,24.5
26085160,temp,2026-07-10T21:00:00.000,24.1
26085160,temp,2026-07-10T22:00:00.000,24.4
26085160,temp,2026-07-10T23:00:00.000,23.7
26085160,tmax,2026-07-10T18:01:00.000,25.2
26085160,tmax,2026-07-10T19:39:00.000,24.8
26085160,tmax,2026-07-10T20:27:00.000,24.8
26085160,tmax,2026-07-10T21:23:00.000,24.6
26085160,tmax,2026-07-10T22:23:00.000,24.8
26085160,tmin,2026-07-10T18:59:00.000,24.7
26085160,tmin,2026-07-10T19:22:00.000,24.5
26085160,tmin,2026-07-10T20:58:00.000,24.1
26085160,tmin,2026-07-10T21:01:00.000,24.1
26085160,tmin,2026-07-10T23:00:00.000,23.6
26085160,viento,2026-07-10T18:50:00.000,9.9
26085160,viento,2026-07-10T19:10:00.000,9.9
26085160,viento,2026-07-10T19:20:00.000,9.5
26085160,viento,2026-07-10T18:40:00.000,9.1
26085160,viento,2026-07-10T19:00:00.000,8.5
26085160,viento,2026-07-10T18:30:00.000,9.5
26085160,viento,2026-07-10T20:10:00.000,7.4
26085160,viento,2026-07-10T19:30:00.000,8.6
26085160,viento,2026-07-10T20:20:00.000,6.2
26085160,viento,2026-07-10T19:50:00.000,8.4
26085160,viento,2026-07-10T20:00:00.000,8.1
26085160,viento,2026-07-10T19:40:00.000,8.2
26085160,viento,2026-07-10T21:20:00.000,5.1
26085160,viento,2026-07-10T20:30:00.000,5.4
26085160,viento,2026-07-10T21:00:00.000,7.4
26085160,viento,2026-07-10T20:50:00.000,7.7
26085160,viento,2026-07-10T21:10:00.000,6.6
26085160,viento,2026-07-10T20:40:00.000,7.0
26085160,viento,2026-07-10T21:30:00.000,2.1
26085160,viento,2026-07-10T21:40:00.000,3.9
26085160,viento,2026-07-10T22:20:00.000,1.2
26085160,viento,2026-07-10T22:10:00.000,2.2
26085160,viento,2026-07-10T22:00:00.000,3.9
26085160,viento,2026-07-10T21:50:00.000,4.9
26085160,viento,2026-07-10T22:30:00.000,1.2
26085160,viento,2026-07-10T22:40:00.000,0.9
26085160,viento,2026-07-10T23:10:00.000,1.7
26085160,viento,2026-07-10T23:20:00.000,2.0
26085160,viento,2026-07-10T22:50:00.000,0.5
26085160,viento,2026-07-10T23:00:00.000,1.2
26085160,humedad,2026-07-10T19:00:00.000,69.0
26085160,humedad,2026-07-10T20:00:00.000,68.0
26085160,humedad,2026-07-10T21:00:00.000,68.0
26085160,humedad,2026-07-10T22:00:00.000,64.0
26085160,humedad,2026-07-10T23:00:00.000,68.0
26055120,precip,2026-07-10T19:00:00.000,0.0
26055120,precip,2026-07-10T18:50:00.000,0.0
26055120,precip,2026-07-10T18:30:00.000,0.0
26055120,precip,2026-07-10T18:40:00.000,0.0
26055120,precip,2026-07-10T19:20:00.000,0.0
26055120,precip,2026-07-10T19:10:00.000,0.0
26055120,precip,2026-07-10T19:30:00.000,0.0
26055120,precip,2026-07-10T19:40:00.000,0.0
26055120,precip,2026-07-10T20:00:00.000,0.0
26055120,precip,2026-07-10T19:50:00.000,0.0
26055120,precip,2026-07-10T20:20:00.000,0.0
26055120,precip,2026-07-10T20:10:00.000,0.0
26055120,precip,2026-07-10T20:30:00.000,0.0
26055120,precip,2026-07-10T21:10:00.000,0.0
26055120,precip,2026-07-10T20:40:00.000,0.0
26055120,precip,2026-07-10T21:00:00.000,0.0
26055120,precip,2026-07-10T21:20:00.000,0.0
26055120,precip,2026-07-10T20:50:00.000,0.0
26055120,precip,2026-07-10T23:00:00.000,0.0
26055120,precip,2026-07-10T23:30:00.000,0.0
26055120,precip,2026-07-10T21:40:00.000,0.0
26055120,precip,2026-07-10T22:40:00.000,0.0
26055120,precip,2026-07-10T22:10:00.000,0.0
26055120,precip,2026-07-10T22:20:00.000,0.0
26055120,precip,2026-07-10T21:50:00.000,0.0
26055120,precip,2026-07-10T23:20:00.000,0.0
26055120,precip,2026-07-10T23:10:00.000,0.0
26055120,precip,2026-07-10T22:50:00.000,0.0
26055120,precip,2026-07-10T21:30:00.000,0.0
26055120,precip,2026-07-10T22:30:00.000,0.0
26055120,precip,2026-07-10T22:00:00.000,0.0
26055120,temp,2026-07-10T19:00:00.000,26.5
26055120,temp,2026-07-10T20:00:00.000,25.2
26055120,temp,2026-07-10T21:00:00.000,23.8
26055120,temp,2026-07-10T22:00:00.000,22.5
26055120,temp,2026-07-10T23:00:00.000,22.0
26055120,tmax,2026-07-10T18:01:00.000,27.9
26055120,tmax,2026-07-10T19:01:00.000,26.4
26055120,tmax,2026-07-10T20:01:00.000,25.1
26055120,tmax,2026-07-10T21:01:00.000,23.7
26055120,tmax,2026-07-10T22:24:00.000,22.5
26055120,tmin,2026-07-10T19:00:00.000,26.5
26055120,tmin,2026-07-10T20:00:00.000,25.2
26055120,tmin,2026-07-10T21:00:00.000,23.7
26055120,tmin,2026-07-10T22:00:00.000,22.4
26055120,tmin,2026-07-10T22:58:00.000,22.0
26055120,viento,2026-07-10T18:50:00.000,
26055120,viento,2026-07-10T18:30:00.000,
26055120,viento,2026-07-10T19:00:00.000,
26055120,viento,2026-07-10T19:10:00.000,
26055120,viento,2026-07-10T19:20:00.000,
26055120,viento,2026-07-10T18:40:00.000,
26055120,viento,2026-07-10T20:10:00.000,
26055120,viento,2026-07-10T19:50:00.000,
26055120,viento,2026-07-10T20:00:00.000,
26055120,viento,2026-07-10T19:30:00.000,
26055120,viento,2026-07-10T20:20:00.000,
26055120,viento,2026-07-10T19:40:00.000,
26055120,viento,2026-07-10T21:20:00.000,
26055120,viento,2026-07-10T21:10:00.000,
26055120,viento,2026-07-10T20:50:00.000,
26055120,viento,2026-07-10T20:40:00.000,
26055120,viento,2026-07-10T21:00:00.000,
26055120,viento,2026-07-10T20:30:00.000,
26055120,viento,2026-07-10T23:00:00.000,
26055120,viento,2026-07-10T21:50:00.000,
26055120,viento,2026-07-10T22:50:00.000,
26055120,viento,2026-07-10T22:10:00.000,
26055120,viento,2026-07-10T23:10:00.000,
26055120,viento,2026-07-10T22:00:00.000,
26055120,viento,2026-07-10T22:20:00.000,
26055120,viento,2026-07-10T22:30:00.000,
26055120,viento,2026-07-10T22:40:00.000,
26055120,viento,2026-07-10T23:30:00.000,
26055120,viento,2026-07-10T21:30:00.000,
26055120,viento,2026-07-10T23:20:00.000,
26055120,viento,2026-07-10T21:40:00.000,
26055120,humedad,2026-07-10T19:00:00.000,68.0
26055120,humedad,2026-07-10T20:00:00.000,73.0
26055120,humedad,2026-07-10T21:00:00.000,80.0
26055120,humedad,2026-07-10T23:00:00.000,85.0
26055120,humedad,2026-07-10T22:00:00.000,83.0
26085170,precip,2026-07-10T17:10:00.000,0.0
26085170,precip,2026-07-10T17:50:00.000,0.0
26085170,precip,2026-07-10T17:20:00.000,0.0
26085170,precip,2026-07-10T17:30:00.000,0.0
26085170,precip,2026-07-10T18:00:00.000,0.0
26085170,precip,2026-07-10T17:40:00.000,0.0
26085170,precip,2026-07-10T18:10:00.000,0.0
26085170,precip,2026-07-10T18:20:00.000,0.0
26085170,precip,2026-07-10T18:30:00.000,0.0
26085170,precip,2026-07-10T18:50:00.000,0.0
26085170,precip,2026-07-10T19:00:00.000,0.0
26085170,precip,2026-07-10T18:40:00.000,0.0
26085170,precip,2026-07-10T19:10:00.000,0.0
26085170,precip,2026-07-10T19:20:00.000,0.0
26085170,precip,2026-07-10T19:40:00.000,0.0
26085170,precip,2026-07-10T19:50:00.000,0.0
26085170,precip,2026-07-10T19:30:00.000,0.0
26085170,precip,2026-07-10T20:00:00.000,0.0
26085170,precip,2026-07-10T20:50:00.000,0.0
26085170,precip,2026-07-10T20:20:00.000,0.0
26085170,precip,2026-07-10T20:30:00.000,0.0
26085170,precip,2026-07-10T20:10:00.000,0.0
26085170,precip,2026-07-10T20:40:00.000,0.0
26085170,precip,2026-07-10T21:00:00.000,0.0
26085170,precip,2026-07-10T21:30:00.000,0.0
26085170,precip,2026-07-10T21:50:00.000,0.0
26085170,precip,2026-07-10T22:00:00.000,0.0
26085170,precip,2026-07-10T21:20:00.000,0.0
26085170,precip,2026-07-10T21:10:00.000,0.0
26085170,precip,2026-07-10T21:40:00.000,0.0
26085170,temp,2026-07-10T18:00:00.000,28.4
26085170,temp,2026-07-10T19:00:00.000,27.0
26085170,temp,2026-07-10T20:00:00.000,26.7
26085170,temp,2026-07-10T21:00:00.000,24.9
26085170,temp,2026-07-10T22:00:00.000,25.1
26085170,tmax,2026-07-10T18:00:00.000,28.4
26085170,tmax,2026-07-10T19:00:00.000,27.0
26085170,tmax,2026-07-10T20:00:00.000,26.7
26085170,tmax,2026-07-10T21:00:00.000,24.9
26085170,tmax,2026-07-10T22:00:00.000,25.1
26085170,tmin,2026-07-10T18:00:00.000,28.4
26085170,tmin,2026-07-10T19:00:00.000,27.0
26085170,tmin,2026-07-10T20:00:00.000,26.7
26085170,tmin,2026-07-10T21:00:00.000,24.9
26085170,tmin,2026-07-10T22:00:00.000,25.1
26085170,viento,2026-07-10T17:30:00.000,3.5
26085170,viento,2026-07-10T17:40:00.000,2.3
26085170,viento,2026-07-10T17:50:00.000,3.6
26085170,viento,2026-07-10T17:10:00.000,3.2
26085170,viento,2026-07-10T18:00:00.000,3.2
26085170,viento,2026-07-10T17:20:00.000,2.9
26085170,viento,2026-07-10T18:10:00.000,2.4
26085170,viento,2026-07-10T19:00:00.000,1.9
26085170,viento,2026-07-10T18:30:00.000,2.6
26085170,viento,2026-07-10T18:50:00.000,1.7
26085170,viento,2026-07-10T18:40:00.000,3.0
26085170,viento,2026-07-10T18:20:00.000,1.6
26085170,viento,2026-07-10T19:10:00.000,2.0
26085170,viento,2026-07-10T20:00:00.000,1.1
26085170,viento,2026-07-10T19:40:00.000,3.7
26085170,viento,2026-07-10T19:30:00.000,4.0
26085170,viento,2026-07-10T19:20:00.000,4.1
26085170,viento,2026-07-10T19:50:00.000,1.7
26085170,viento,2026-07-10T20:20:00.000,0.9
26085170,viento,2026-07-10T20:50:00.000,1.1
26085170,viento,2026-07-10T20:40:00.000,1.0
26085170,viento,2026-07-10T20:30:00.000,0.9
26085170,viento,2026-07-10T21:00:00.000,1.6
26085170,viento,2026-07-10T20:10:00.000,3.1
26085170,viento,2026-07-10T21:40:00.000,1.5
26085170,viento,2026-07-10T21:10:00.000,1.0
26085170,viento,2026-07-10T21:20:00.000,1.5
26085170,viento,2026-07-10T21:30:00.000,1.7
26085170,viento,2026-07-10T21:50:00.000,1.0
26085170,viento,2026-07-10T22:00:00.000,1.1
26085170,humedad,2026-07-10T18:00:00.000,61.0
26085170,humedad,2026-07-10T19:00:00.000,63.0
26085170,humedad,2026-07-10T20:00:00.000,66.0
26085170,humedad,2026-07-10T21:00:00.000,75.0
26085170,humedad,2026-07-10T22:00:00.000,74.0
26085160,precip,2026-07-11T01:00:00.000,0.0
26085160,precip,2026-07-10T23:40:00.000,0.0
26085160,precip,2026-07-11T00:10:00.000,0.0
26085160,precip,2026-07-10T23:50:00.000,0.0
26085160,precip,2026-07-11T00:00:00.000,0.0
26085160,precip,2026-07-11T00:20:00.000,0.0
26085160,precip,2026-07-10T23:30:00.000,0.0
26085160,precip,2026-07-11T01:10:00.000,0.0
26085160,precip,2026-07-11T00:30:00.000,0.0
26085160,precip,2026-07-11T00:50:00.000,0.0
26085160,precip,2026-07-11T01:20:00.000,0.0
26085160,precip,2026-07-11T00:40:00.000,0.0
26085160,temp,2026-07-11T00:00:00.000,23.1
26085160,temp,2026-07-11T01:00:00.000,22.6
26085160,tmax,2026-07-10T23:22:00.000,24.1
26085160,tmax,2026-07-11T00:01:00.000,23.1
26085160,tmin,2026-07-11T00:00:00.000,23.1
26085160,tmin,2026-07-11T00:58:00.000,22.6
26085160,viento,2026-07-10T23:50:00.000,1.0
26085160,viento,2026-07-11T00:20:00.000,1.0
26085160,viento,2026-07-11T00:00:00.000,0.7
26085160,viento,2026-07-10T23:40:00.000,0.8
26085160,viento,2026-07-11T00:10:00.000,0.7
26085160,viento,2026-07-10T23:30:00.000,0.7
26085160,viento,2026-07-11T01:20:00.000,0.6
26085160,viento,2026-07-11T00:30:00.000,0.9
26085160,viento,2026-07-11T01:00:00.000,1.1
26085160,viento,2026-07-11T00:50:00.000,1.0
26085160,viento,2026-07-11T01:10:00.000,0.9
26085160,viento,2026-07-11T00:40:00.000,0.9
26085160,humedad,2026-07-11T00:00:00.000,71.0
26085160,humedad,2026-07-11T01:00:00.000,77.0
26055120,precip,2026-07-10T23:50:00.000,0.0
26055120,precip,2026-07-10T23:40:00.000,0.0
26055120,precip,2026-07-11T00:10:00.000,0.0
26055120,precip,2026-07-11T00:00:00.000,0.0
26055120,precip,2026-07-11T00:20:00.000,0.0
26055120,precip,2026-07-11T01:20:00.000,0.0
26055120,precip,2026-07-11T00:30:00.000,0.0
26055120,precip,2026-07-11T00:50:00.000,0.0
26055120,precip,2026-07-11T01:00:00.000,0.0
26055120,precip,2026-07-11T01:10:00.000,0.0
26055120,precip,2026-07-11T00:40:00.000,0.0
26055120,temp,2026-07-11T00:00:00.000,21.2
26055120,temp,2026-07-11T01:00:00.000,21.9
26055120,tmax,2026-07-10T23:01:00.000,22.0
26055120,tmax,2026-07-11T01:00:00.000,21.9
26055120,tmin,2026-07-10T23:36:00.000,21.2
26055120,tmin,2026-07-11T00:08:00.000,21.2
26055120,viento,2026-07-10T23:50:00.000,
26055120,viento,2026-07-11T00:00:00.000,
26055120,viento,2026-07-10T23:40:00.000,
26055120,viento,2026-07-11T00:10:00.000,
26055120,viento,2026-07-11T00:20:00.000,
26055120,viento,2026-07-11T01:20:00.000,
26055120,viento,2026-07-11T01:00:00.000,
26055120,viento,2026-07-11T00:40:00.000,
26055120,viento,2026-07-11T00:50:00.000,
26055120,viento,2026-07-11T01:10:00.000,
26055120,viento,2026-07-11T00:30:00.000,
26055120,humedad,2026-07-11T00:00:00.000,88.0
26055120,humedad,2026-07-11T01:00:00.000,87.0
26085170,precip,2026-07-10T22:20:00.000,0.0
26085170,precip,2026-07-10T22:50:00.000,0.0
26085170,precip,2026-07-10T22:40:00.000,0.0
26085170,precip,2026-07-10T22:10:00.000,0.0
26085170,precip,2026-07-10T23:00:00.000,0.0
26085170,precip,2026-07-10T22:30:00.000,0.0
26085170,precip,2026-07-10T23:20:00.000,0.0
26085170,precip,2026-07-10T23:10:00.000,0.0
26085170,precip,2026-07-10T23:40:00.000,0.0
26085170,precip,2026-07-10T23:50:00.000,0.0
26085170,precip,2026-07-10T23:30:00.000,0.0
26085170,precip,2026-07-11T00:00:00.000,0.0
26085170,temp,2026-07-10T23:00:00.000,23.2
26085170,temp,2026-07-11T00:00:00.000,23.6
26085170,tmax,2026-07-10T23:00:00.000,23.2
26085170,tmax,2026-07-11T00:00:00.000,23.6
26085170,tmin,2026-07-10T23:00:00.000,23.2
26085170,tmin,2026-07-11T00:00:00.000,23.6
26085170,viento,2026-07-10T23:00:00.000,0.7
26085170,viento,2026-07-10T22:50:00.000,0.8
26085170,viento,2026-07-10T22:10:00.000,0.8
26085170,viento,2026-07-10T22:30:00.000,1.1
26085170,viento,2026-07-10T22:40:00.000,1.5
26085170,viento,2026-07-10T22:20:00.000,1.1
26085170,viento,2026-07-10T23:40:00.000,1.6
26085170,viento,2026-07-11T00:00:00.000,0.8
26085170,viento,2026-07-10T23:30:00.000,1.6
26085170,viento,2026-07-10T23:20:00.000,1.2
26085170,viento,2026-07-10T23:10:00.000,1.2
26085170,viento,2026-07-10T23:50:00.000,1.5
26085170,humedad,2026-07-10T23:00:00.000,81.0
26085170,humedad,2026-07-11T00:00:00.000,80.0
0026085160,precip,2026-07-10T14:20:00.000,0.0
0026085160,precip,2026-07-10T14:10:00.000,0.0
0026085160,precip,2026-07-10T14:00:00.000,0.0
0026085160,precip,2026-07-10T14:30:00.000,0.0
0026085160,precip,2026-07-10T14:50:00.000,0.0
0026085160,precip,2026-07-10T15:20:00.000,0.0
0026085160,precip,2026-07-10T15:10:00.000,0.0
0026085160,precip,2026-07-10T14:40:00.000,0.0
0026085160,precip,2026-07-10T15:00:00.000,0.0
0026085160,precip,2026-07-10T16:00:00.000,0.0
0026085160,precip,2026-07-10T15:30:00.000,0.0
0026085160,precip,2026-07-10T15:40:00.000,0.0
0026085160,precip,2026-07-10T16:20:00.000,0.0
0026085160,precip,2026-07-10T16:10:00.000,0.0
0026085160,precip,2026-07-10T15:50:00.000,0.0
0026085160,precip,2026-07-10T16:50:00.000,0.0
0026085160,precip,2026-07-10T17:10:00.000,0.0
0026085160,precip,2026-07-10T16:30:00.000,0.0
0026085160,precip,2026-07-10T17:20:00.000,0.0
0026085160,precip,2026-07-10T17:00:00.000,0.0
0026085160,precip,2026-07-10T16:40:00.000,0.0
0026085160,precip,2026-07-10T17:30:00.000,0.0
0026085160,precip,2026-07-10T18:00:00.000,0.0
0026085160,precip,2026-07-10T17:50:00.000,0.0
0026085160,precip,2026-07-10T18:10:00.000,0.0
0026085160,precip,2026-07-10T18:20:00.000,0.0
0026085160,precip,2026-07-10T17:40:00.000,0.0
0026085160,precip,2026-07-10T19:10:00.000,0.0
0026085160,precip,2026-07-10T18:40:00.000,0.0
0026085160,precip,2026-07-10T18:30:00.000,0.0
0026085160,precip,2026-07-10T19:00:00.000,0.0
0026085160,precip,2026-07-10T18:50:00.000,0.0
0026085160,precip,2026-07-10T19:20:00.000,0.0
0026085160,precip,2026-07-10T19:30:00.000,0.0
0026085160,precip,2026-07-10T20:00:00.000,0.0
0026085160,precip,2026-07-10T20:10:00.000,0.0
0026085160,precip,2026-07-10T20:20:00.000,0.0
0026085160,precip,2026-07-10T19:50:00.000,0.0
0026085160,precip,2026-07-10T19:40:00.000,0.0
0026085160,precip,2026-07-10T20:50:00.000,0.0
0026085160,precip,2026-07-10T20:30:00.000,0.0
0026085160,precip,2026-07-10T21:00:00.000,0.0
0026085160,precip,2026-07-10T21:10:00.000,0.0
0026085160,precip,2026-07-10T20:40:00.000,0.0
0026085160,precip,2026-07-10T21:20:00.000,0.0
0026085160,precip,2026-07-11T01:00:00.000,0.0
0026085160,precip,2026-07-10T21:40:00.000,0.0
0026085160,precip,2026-07-10T21:50:00.000,0.0
0026085160,precip,2026-07-10T22:20:00.000,0.0
0026085160,precip,2026-07-10T22:00:00.000,0.0
0026085160,precip,2026-07-10T21:30:00.000,0.0
0026085160,precip,2026-07-10T22:10:00.000,0.0
0026085160,precip,2026-07-10T22:50:00.000,0.0
0026085160,precip,2026-07-10T23:00:00.000,0.0
0026085160,precip,2026-07-10T22:40:00.000,0.0
0026085160,precip,2026-07-10T23:10:00.000,0.0
0026085160,precip,2026-07-10T23:20:00.000,0.0
0026085160,precip,2026-07-10T22:30:00.000,0.0
0026085160,precip,2026-07-10T23:40:00.000,0.0
0026085160,precip,2026-07-11T00:10:00.000,0.0
0026085160,precip,2026-07-10T23:50:00.000,0.0
0026085160,precip,2026-07-11T00:00:00.000,0.0
0026085160,precip,2026-07-11T00:20:00.000,0.0
0026085160,precip,2026-07-10T23:30:00.000,0.0
0026085160,precip,2026-07-11T01:10:00.000,0.0
0026085160,precip,2026-07-11T00:30:00.000,0.0
0026085160,precip,2026-07-11T00:50:00.000,0.0
0026085160,precip,2026-07-11T01:20:00.000,0.0
0026085160,precip,2026-07-11T00:40:00.000,0.0
0026085160,temp,2026-07-10T14:00:00.000,30.6
0026085160,temp,2026-07-10T15:00:00.000,27.8
0026085160,temp,2026-07-10T16:00:00.000,26.6
0026085160,temp,2026-07-10T17:00:00.000,26.5
0026085160,temp,2026-07-10T18:00:00.000,25.3
0026085160,temp,2026-07-10T19:00:00.000,24.7
0026085160,temp,2026-07-10T20:00:00.000,24.5
0026085160,temp,2026-07-10T21:00:00.000,24.1
0026085160,temp,2026-07-10T22:00:00.000,24.4
0026085160,temp,2026-07-10T23:00:00.000,23.7
0026085160,temp,2026-07-11T00:00:00.000,23.1
0026085160,temp,2026-07-11T01:00:00.000,22.6
0026085160,tmax,2026-07-10T14:01:00.000,30.5
0026085160,tmax,2026-07-10T15:05:00.000,27.9
0026085160,tmax,2026-07-10T16:39:00.000,27.0
0026085160,tmax,2026-07-10T17:01:00.000,26.4
0026085160,tmax,2026-07-10T18:01:00.000,25.2
0026085160,tmax,2026-07-10T19:39:00.000,24.8
0026085160,tmax,2026-07-10T20:27:00.000,24.8
0026085160,tmax,2026-07-10T21:23:00.000,24.6
0026085160,tmax,2026-07-10T22:23:00.000,24.8
0026085160,tmax,2026-07-10T23:22:00.000,24.1
0026085160,tmax,2026-07-11T00:01:00.000,23.1
0026085160,tmin,2026-07-10T14:58:00.000,27.8
0026085160,tmin,2026-07-10T15:57:00.000,26.6
0026085160,tmin,2026-07-10T16:57:00.000,26.4
0026085160,tmin,2026-07-10T17:59:00.000,25.3
0026085160,tmin,2026-07-10T18:59:00.000,24.7
0026085160,tmin,2026-07-10T19:22:00.000,24.5
0026085160,tmin,2026-07-10T20:58:00.000,24.1
0026085160,tmin,2026-07-10T21:01:00.000,24.1
0026085160,tmin,2026-07-10T23:00:00.000,23.6
0026085160,tmin,2026-07-11T00:00:00.000,23.1
0026085160,tmin,2026-07-11T00:58:00.000,22.6
0026085160,viento,2026-07-10T14:00:00.000,1.7
0026085160,viento,2026-07-10T14:10:00.000,3.9
0026085160,viento,2026-07-10T14:20:00.000,3.9
0026085160,viento,2026-07-10T15:20:00.000,5.5
0026085160,viento,2026-07-10T14:50:00.000,4.7
0026085160,viento,2026-07-10T15:10:00.000,4.7
0026085160,viento,2026-07-10T14:40:00.000,4.6
0026085160,viento,2026-07-10T14:30:00.000,4.3
0026085160,viento,2026-07-10T15:00:00.000,4.6
0026085160,viento,2026-07-10T15:50:00.000,6.1
0026085160,viento,2026-07-10T16:20:00.000,6.9
0026085160,viento,2026-07-10T16:00:00.000,7.2
0026085160,viento,2026-07-10T15:30:00.000,7.0
0026085160,viento,2026-07-10T16:10:00.000,7.4
0026085160,viento,2026-07-10T15:40:00.000,6.4
0026085160,viento,2026-07-10T16:50:00.000,7.0
0026085160,viento,2026-07-10T16:40:00.000,6.2
0026085160,viento,2026-07-10T17:00:00.000,8.0
0026085160,viento,2026-07-10T17:10:00.000,8.2
0026085160,viento,2026-07-10T17:20:00.000,8.1
0026085160,viento,2026-07-10T16:30:00.000,6.8
0026085160,viento,2026-07-10T17:40:00.000,8.8
0026085160,viento,2026-07-10T17:30:00.000,8.5
0026085160,viento,2026-07-10T17:50:00.000,9.5
0026085160,viento,2026-07-10T18:00:00.000,9.2
0026085160,viento,2026-07-10T18:20:00.000,9.9
0026085160,viento,2026-07-10T18:10:00.000,8.8
0026085160,viento,2026-07-10T18:50:00.000,9.9
0026085160,viento,2026-07-10T19:10:00.000,9.9
0026085160,viento,2026-07-10T19:20:00.000,9.5
0026085160,viento,2026-07-10T18:40:00.000,9.1
0026085160,viento,2026-07-10T19:00:00.000,8.5
0026085160,viento,2026-07-10T18:30:00.000,9.5
0026085160,viento,2026-07-10T20:10:00.000,7.4
0026085160,viento,2026-07-10T19:30:00.000,8.6
0026085160,viento,2026-07-10T20:20:00.000,6.2
0026085160,viento,2026-07-10T19:50:00.000,8.4
0026085160,viento,2026-07-10T20:00:00.000,8.1
0026085160,viento,2026-07-10T19:40:00.000,8.2
0026085160,viento,2026-07-10T21:20:00.000,5.1
0026085160,viento,2026-07-10T20:30:00.000,5.4
0026085160,viento,2026-07-10T21:00:00.000,7.4
0026085160,viento,2026-07-10T20:50:00.000,7.7
0026085160,viento,2026-07-10T21:10:00.000,6.6
0026085160,viento,2026-07-10T20:40:00.000,7.0
0026085160,viento,2026-07-10T21:30:00.000,2.1
0026085160,viento,2026-07-10T21:40:00.000,3.9
0026085160,viento,2026-07-10T22:20:00.000,1.2
0026085160,viento,2026-07-10T22:10:00.000,2.2
0026085160,viento,2026-07-10T22:00:00.000,3.9
0026085160,viento,2026-07-10T21:50:00.000,4.9
0026085160,viento,2026-07-10T22:30:00.000,1.2
0026085160,viento,2026-07-10T22:40:00.000,0.9
0026085160,viento,2026-07-10T23:10:00.000,1.7
0026085160,viento,2026-07-10T23:20:00.000,2.0
0026085160,viento,2026-07-10T22:50:00.000,0.5
0026085160,viento,2026-07-10T23:00:00.000,1.2
0026085160,viento,2026-07-10T23:50:00.000,1.0
0026085160,viento,2026-07-11T00:20:00.000,1.0
0026085160,viento,2026-07-11T00:00:00.000,0.7
0026085160,viento,2026-07-10T23:40:00.000,0.8
0026085160,viento,2026-07-11T00:10:00.000,0.7
0026085160,viento,2026-07-10T23:30:00.000,0.7
0026085160,viento,2026-07-11T01:20:00.000,0.6
0026085160,viento,2026-07-11T00:30:00.000,0.9
0026085160,viento,2026-07-11T01:00:00.000,1.1
0026085160,viento,2026-07-11T00:50:00.000,1.0
0026085160,viento,2026-07-11T01:10:00.000,0.9
0026085160,viento,2026-07-11T00:40:00.000,0.9
0026085160,humedad,2026-07-10T14:00:00.000,52.0
0026085160,humedad,2026-07-10T15:00:00.000,63.0
0026085160,humedad,2026-07-10T16:00:00.000,65.0
0026085160,humedad,2026-07-10T17:00:00.000,65.0
0026085160,humedad,2026-07-10T18:00:00.000,67.0
0026085160,humedad,2026-07-10T19:00:00.000,69.0
0026085160,humedad,2026-07-10T20:00:00.000,68.0
0026085160,humedad,2026-07-10T21:00:00.000,68.0
0026085160,humedad,2026-07-10T22:00:00.000,64.0
0026085160,humedad,2026-07-10T23:00:00.000,68.0
0026085160,humedad,2026-07-11T00:00:00.000,71.0
0026085160,humedad,2026-07-11T01:00:00.000,77.0
0026055120,precip,2026-07-10T14:20:00.000,0.0
0026055120,precip,2026-07-10T14:10:00.000,0.0
0026055120,precip,2026-07-10T14:00:00.000,0.0
0026055120,precip,2026-07-10T15:00:00.000,0.0
0026055120,precip,2026-07-10T15:10:00.000,0.0
0026055120,precip,2026-07-10T14:30:00.000,0.0
0026055120,precip,2026-07-10T15:20:00.000,0.0
0026055120,precip,2026-07-10T14:40:00.000,0.0
0026055120,precip,2026-07-10T14:50:00.000,0.0
0026055120,precip,2026-07-10T15:30:00.000,0.0
0026055120,precip,2026-07-10T16:00:00.000,0.0
0026055120,precip,2026-07-10T16:20:00.000,0.0
0026055120,precip,2026-07-10T15:50:00.000,0.0
0026055120,precip,2026-07-10T16:10:00.000,0.0
0026055120,precip,2026-07-10T15:40:00.000,0.0
0026055120,precip,2026-07-10T16:40:00.000,0.0
0026055120,precip,2026-07-10T16:30:00.000,0.0
0026055120,precip,2026-07-10T17:20:00.000,0.0
0026055120,precip,2026-07-10T17:00:00.000,0.0
0026055120,precip,2026-07-10T16:50:00.000,0.0
0026055120,precip,2026-07-10T17:10:00.000,0.0
0026055120,precip,2026-07-10T18:00:00.000,0.0
0026055120,precip,2026-07-10T17:50:00.000,0.0
0026055120,precip,2026-07-10T18:10:00.000,0.0
0026055120,precip,2026-07-10T17:40:00.000,0.0
0026055120,precip,2026-07-10T17:30:00.000,0.0
0026055120,precip,2026-07-10T18:20:00.000,0.0
0026055120,precip,2026-07-10T19:00:00.000,0.0
0026055120,precip,2026-07-10T18:50:00.000,0.0
0026055120,precip,2026-07-10T18:30:00.000,0.0
0026055120,precip,2026-07-10T18:40:00.000,0.0
0026055120,precip,2026-07-10T19:20:00.000,0.0
0026055120,precip,2026-07-10T19:10:00.000,0.0
0026055120,precip,2026-07-10T19:30:00.000,0.0
0026055120,precip,2026-07-10T19:40:00.000,0.0
0026055120,precip,2026-07-10T20:00:00.000,0.0
0026055120,precip,2026-07-10T19:50:00.000,0.0
0026055120,precip,2026-07-10T20:20:00.000,0.0
0026055120,precip,2026-07-10T20:10:00.000,0.0
0026055120,precip,2026-07-10T20:30:00.000,0.0
0026055120,precip,2026-07-10T21:10:00.000,0.0
0026055120,precip,2026-07-10T20:40:00.000,0.0
0026055120,precip,2026-07-10T21:00:00.000,0.0
0026055120,precip,2026-07-10T21:20:00.000,0.0
0026055120,precip,2026-07-10T20:50:00.000,0.0
0026055120,precip,2026-07-10T23:00:00.000,0.0
0026055120,precip,2026-07-10T23:30:00.000,0.0
0026055120,precip,2026-07-10T21:40:00.000,0.0
0026055120,precip,2026-07-10T22:40:00.000,0.0
0026055120,precip,2026-07-10T22:10:00.000,0.0
0026055120,precip,2026-07-10T22:20:00.000,0.0
0026055120,precip,2026-07-10T21:50:00.000,0.0
0026055120,precip,2026-07-10T23:20:00.000,0.0
0026055120,precip,2026-07-10T23:10:00.000,0.0
0026055120,precip,2026-07-10T22:50:00.000,0.0
0026055120,precip,2026-07-10T21:30:00.000,0.0
0026055120,precip,2026-07-10T22:30:00.000,0.0
0026055120,precip,2026-07-10T22:00:00.000,0.0
0026055120,precip,2026-07-10T23:50:00.000,0.0
0026055120,precip,2026-07-10T23:40:00.000,0.0
0026055120,precip,2026-07-11T00:10:00.000,0.0
0026055120,precip,2026-07-11T00:00:00.000,0.0
0026055120,precip,2026-07-11T00:20:00.000,0.0
0026055120,precip,2026-07-11T01:20:00.000,0.0
0026055120,precip,2026-07-11T00:30:00.000,0.0
0026055120,precip,2026-07-11T00:50:00.000,0.0
0026055120,precip,2026-07-11T01:00:00.000,0.0
0026055120,precip,2026-07-11T01:10:00.000,0.0
0026055120,precip,2026-07-11T00:40:00.000,0.0
0026055120,temp,2026-07-10T14:00:00.000,32.4
0026055120,temp,2026-07-10T15:00:00.000,31.6
0026055120,temp,2026-07-10T16:00:00.000,29.9
0026055120,temp,2026-07-10T17:00:00.000,29.8
0026055120,temp,2026-07-10T18:00:00.000,27.8
0026055120,temp,2026-07-10T19:00:00.000,26.5
0026055120,temp,2026-07-10T20:00:00.000,25.2
0026055120,temp,2026-07-10T21:00:00.000,23.8
0026055120,temp,2026-07-10T22:00:00.000,22.5
0026055120,temp,2026-07-10T23:00:00.000,22.0
0026055120,temp,2026-07-11T00:00:00.000,21.2
0026055120,temp,2026-07-11T01:00:00.000,21.9
0026055120,tmax,2026-07-10T14:01:00.000,32.2
0026055120,tmax,2026-07-10T15:01:00.000,31.6
0026055120,tmax,2026-07-10T16:58:00.000,29.9
0026055120,tmax,2026-07-10T17:01:00.000,29.7
0026055120,tmax,2026-07-10T18:01:00.000,27.9
0026055120,tmax,2026-07-10T19:01:00.000,26.4
0026055120,tmax,2026-07-10T20:01:00.000,25.1
0026055120,tmax,2026-07-10T21:01:00.000,23.7
0026055120,tmax,2026-07-10T22:24:00.000,22.5
0026055120,tmax,2026-07-10T23:01:00.000,22.0
0026055120,tmax,2026-07-11T01:00:00.000,21.9
0026055120,tmin,2026-07-10T14:31:00.000,31.5
0026055120,tmin,2026-07-10T16:00:00.000,29.8
0026055120,tmin,2026-07-10T16:46:00.000,29.5
0026055120,tmin,2026-07-10T17:59:00.000,27.8
0026055120,tmin,2026-07-10T19:00:00.000,26.5
0026055120,tmin,2026-07-10T20:00:00.000,25.2
0026055120,tmin,2026-07-10T21:00:00.000,23.7
0026055120,tmin,2026-07-10T22:00:00.000,22.4
0026055120,tmin,2026-07-10T22:58:00.000,22.0
0026055120,tmin,2026-07-10T23:36:00.000,21.2
0026055120,tmin,2026-07-11T00:08:00.000,21.2
0026055120,viento,2026-07-10T14:20:00.000,
0026055120,viento,2026-07-10T14:10:00.000,
0026055120,viento,2026-07-10T14:00:00.000,
0026055120,viento,2026-07-10T15:00:00.000,
0026055120,viento,2026-07-10T15:20:00.000,
0026055120,viento,2026-07-10T14:30:00.000,
0026055120,viento,2026-07-10T15:10:00.000,
0026055120,viento,2026-07-10T14:50:00.000,
0026055120,viento,2026-07-10T14:40:00.000,
0026055120,viento,2026-07-10T16:20:00.000,
0026055120,viento,2026-07-10T15:40:00.000,
0026055120,viento,2026-07-10T16:10:00.000,
0026055120,viento,2026-07-10T15:30:00.000,
0026055120,viento,2026-07-10T15:50:00.000,
0026055120,viento,2026-07-10T16:00:00.000,
0026055120,viento,2026-07-10T17:10:00.000,
0026055120,viento,2026-07-10T16:30:00.000,
0026055120,viento,2026-07-10T16:40:00.000,
0026055120,viento,2026-07-10T17:20:00.000,
0026055120,viento,2026-07-10T16:50:00.000,
0026055120,viento,2026-07-10T17:00:00.000,
0026055120,viento,2026-07-10T17:50:00.000,
0026055120,viento,2026-07-10T18:20:00.000,
0026055120,viento,2026-07-10T18:10:00.000,
0026055120,viento,2026-07-10T17:30:00.000,
0026055120,viento,2026-07-10T17:40:00.000,
0026055120,viento,2026-07-10T18:00:00.000,
0026055120,viento,2026-07-10T18:50:00.000,
0026055120,viento,2026-07-10T18:30:00.000,
0026055120,viento,2026-07-10T19:00:00.000,
0026055120,viento,2026-07-10T19:10:00.000,
0026055120,viento,2026-07-10T19:20:00.000,
0026055120,viento,2026-07-10T18:40:00.000,
0026055120,viento,2026-07-10T20:10:00.000,
0026055120,viento,2026-07-10T19:50:00.000,
0026055120,viento,2026-07-10T20:00:00.000,
0026055120,viento,2026-07-10T19:30:00.000,
0026055120,viento,2026-07-10T20:20:00.000,
0026055120,viento,2026-07-10T19:40:00.000,
0026055120,viento,2026-07-10T21:20:00.000,
0026055120,viento,2026-07-10T21:10:00.000,
0026055120,viento,2026-07-10T20:50:00.000,
0026055120,viento,2026-07-10T20:40:00.000,
0026055120,viento,2026-07-10T21:00:00.000,
0026055120,viento,2026-07-10T20:30:00.000,
0026055120,viento,2026-07-10T23:00:00.000,
0026055120,viento,2026-07-10T21:50:00.000,
0026055120,viento,2026-07-10T22:50:00.000,
0026055120,viento,2026-07-10T22:10:00.000,
0026055120,viento,2026-07-10T23:10:00.000,
0026055120,viento,2026-07-10T22:00:00.000,
0026055120,viento,2026-07-10T22:20:00.000,
0026055120,viento,2026-07-10T22:30:00.000,
0026055120,viento,2026-07-10T22:40:00.000,
0026055120,viento,2026-07-10T23:30:00.000,
0026055120,viento,2026-07-10T21:30:00.000,
0026055120,viento,2026-07-10T23:20:00.000,
0026055120,viento,2026-07-10T21:40:00.000,
0026055120,viento,2026-07-10T23:50:00.000,
0026055120,viento,2026-07-11T00:00:00.000,
0026055120,viento,2026-07-10T23:40:00.000,
0026055120,viento,2026-07-11T00:10:00.000,
0026055120,viento,2026-07-11T00:20:00.000,
0026055120,viento,2026-07-11T01:20:00.000,
0026055120,viento,2026-07-11T01:00:00.000,
0026055120,viento,2026-07-11T00:40:00.000,
0026055120,viento,2026-07-11T00:50:00.000,
0026055120,viento,2026-07-11T01:10:00.000,
0026055120,viento,2026-07-11T00:30:00.000,
0026055120,humedad,2026-07-10T14:00:00.000,52.0
0026055120,humedad,2026-07-10T15:00:00.000,60.0
0026055120,humedad,2026-07-10T16:00:00.000,62.0
0026055120,humedad,2026-07-10T17:00:00.000,61.0
0026055120,humedad,2026-07-10T18:00:00.000,64.0
0026055120,humedad,2026-07-10T19:00:00.000,68.0
0026055120,humedad,2026-07-10T20:00:00.000,73.0
0026055120,humedad,2026-07-10T21:00:00.000,80.0
0026055120,humedad,2026-07-10T23:00:00.000,85.0
0026055120,humedad,2026-07-10T22:00:00.000,83.0
0026055120,humedad,2026-07-11T00:00:00.000,88.0
0026055120,humedad,2026-07-11T01:00:00.000,87.0
0026085170,precip,2026-07-10T14:00:00.000,0.0
0026085170,precip,2026-07-10T14:10:00.000,0.0
0026085170,precip,2026-07-10T15:00:00.000,0.0
0026085170,precip,2026-07-10T14:20:00.000,0.0
0026085170,precip,2026-07-10T14:40:00.000,0.0
0026085170,precip,2026-07-10T14:50:00.000,0.0
0026085170,precip,2026-07-10T14:30:00.000,0.0
0026085170,precip,2026-07-10T15:40:00.000,0.0
0026085170,precip,2026-07-10T15:30:00.000,0.0
0026085170,precip,2026-07-10T15:20:00.000,0.0
0026085170,precip,2026-07-10T15:10:00.000,0.0
0026085170,precip,2026-07-10T16:00:00.000,0.0
0026085170,precip,2026-07-10T15:50:00.000,0.0
0026085170,precip,2026-07-10T16:50:00.000,0.0
0026085170,precip,2026-07-10T17:00:00.000,0.0
0026085170,precip,2026-07-10T16:40:00.000,0.0
0026085170,precip,2026-07-10T16:30:00.000,0.0
0026085170,precip,2026-07-10T16:20:00.000,0.0
0026085170,precip,2026-07-10T16:10:00.000,0.0
0026085170,precip,2026-07-10T17:10:00.000,0.0
0026085170,precip,2026-07-10T17:50:00.000,0.0
0026085170,precip,2026-07-10T17:20:00.000,0.0
0026085170,precip,2026-07-10T17:30:00.000,0.0
0026085170,precip,2026-07-10T18:00:00.000,0.0
0026085170,precip,2026-07-10T17:40:00.000,0.0
0026085170,precip,2026-07-10T18:10:00.000,0.0
0026085170,precip,2026-07-10T18:20:00.000,0.0
0026085170,precip,2026-07-10T18:30:00.000,0.0
0026085170,precip,2026-07-10T18:50:00.000,0.0
0026085170,precip,2026-07-10T19:00:00.000,0.0
0026085170,precip,2026-07-10T18:40:00.000,0.0
0026085170,precip,2026-07-10T19:10:00.000,0.0
0026085170,precip,2026-07-10T19:20:00.000,0.0
0026085170,precip,2026-07-10T19:40:00.000,0.0
0026085170,precip,2026-07-10T19:50:00.000,0.0
0026085170,precip,2026-07-10T19:30:00.000,0.0
0026085170,precip,2026-07-10T20:00:00.000,0.0
0026085170,precip,2026-07-10T20:50:00.000,0.0
0026085170,precip,2026-07-10T20:20:00.000,0.0
0026085170,precip,2026-07-10T20:30:00.000,0.0
0026085170,precip,2026-07-10T20:10:00.000,0.0
0026085170,precip,2026-07-10T20:40:00.000,0.0
0026085170,precip,2026-07-10T21:00:00.000,0.0
0026085170,precip,2026-07-10T21:30:00.000,0.0
0026085170,precip,2026-07-10T21:50:00.000,0.0
0026085170,precip,2026-07-10T22:00:00.000,0.0
0026085170,precip,2026-07-10T21:20:00.000,0.0
0026085170,precip,2026-07-10T21:10:00.000,0.0
0026085170,precip,2026-07-10T21:40:00.000,0.0
0026085170,precip,2026-07-10T22:20:00.000,0.0
0026085170,precip,2026-07-10T22:50:00.000,0.0
0026085170,precip,2026-07-10T22:40:00.000,0.0
0026085170,precip,2026-07-10T22:10:00.000,0.0
0026085170,precip,2026-07-10T23:00:00.000,0.0
0026085170,precip,2026-07-10T22:30:00.000,0.0
0026085170,precip,2026-07-10T23:20:00.000,0.0
0026085170,precip,2026-07-10T23:10:00.000,0.0
0026085170,precip,2026-07-10T23:40:00.000,0.0
0026085170,precip,2026-07-10T23:50:00.000,0.0
0026085170,precip,2026-07-10T23:30:00.000,0.0
0026085170,precip,2026-07-11T00:00:00.000,0.0
0026085170,temp,2026-07-10T14:00:00.000,31.5
0026085170,temp,2026-07-10T15:00:00.000,32.4
0026085170,temp,2026-07-10T16:00:00.000,31.0
0026085170,temp,2026-07-10T17:00:00.000,30.8
0026085170,temp,2026-07-10T18:00:00.000,28.4
0026085170,temp,2026-07-10T19:00:00.000,27.0
0026085170,temp,2026-07-10T20:00:00.000,26.7
0026085170,temp,2026-07-10T21:00:00.000,24.9
0026085170,temp,2026-07-10T22:00:00.000,25.1
0026085170,temp,2026-07-10T23:00:00.000,23.2
0026085170,temp,2026-07-11T00:00:00.000,23.6
0026085170,tmax,2026-07-10T14:00:00.000,31.5
0026085170,tmax,2026-07-10T15:00:00.000,32.4
0026085170,tmax,2026-07-10T16:00:00.000,31.0
0026085170,tmax,2026-07-10T17:00:00.000,30.8
0026085170,tmax,2026-07-10T18:00:00.000,28.4
0026085170,tmax,2026-07-10T19:00:00.000,27.0
0026085170,tmax,2026-07-10T20:00:00.000,26.7
0026085170,tmax,2026-07-10T21:00:00.000,24.9
0026085170,tmax,2026-07-10T22:00:00.000,25.1
0026085170,tmax,2026-07-10T23:00:00.000,23.2
0026085170,tmax,2026-07-11T00:00:00.000,23.6
0026085170,tmin,2026-07-10T14:00:00.000,31.5
0026085170,tmin,2026-07-10T15:00:00.000,32.4
0026085170,tmin,2026-07-10T16:00:00.000,31.0
0026085170,tmin,2026-07-10T17:00:00.000,30.8
0026085170,tmin,2026-07-10T18:00:00.000,28.4
0026085170,tmin,2026-07-10T19:00:00.000,27.0
0026085170,tmin,2026-07-10T20:00:00.000,26.7
0026085170,tmin,2026-07-10T21:00:00.000,24.9
0026085170,tmin,2026-07-10T22:00:00.000,25.1
0026085170,tmin,2026-07-10T23:00:00.000,23.2
0026085170,tmin,2026-07-11T00:00:00.000,23.6
0026085170,viento,2026-07-10T14:00:00.000,2.3
0026085170,viento,2026-07-10T14:50:00.000,1.7
0026085170,viento,2026-07-10T14:40:00.000,2.6
0026085170,viento,2026-07-10T14:30:00.000,2.5
0026085170,viento,2026-07-10T14:20:00.000,2.2
0026085170,viento,2026-07-10T14:10:00.000,3.0
0026085170,viento,2026-07-10T15:00:00.000,2.0
0026085170,viento,2026-07-10T15:10:00.000,3.7
0026085170,viento,2026-07-10T15:40:00.000,4.0
0026085170,viento,2026-07-10T15:20:00.000,4.6
0026085170,viento,2026-07-10T15:50:00.000,5.2
0026085170,viento,2026-07-10T16:00:00.000,4.5
0026085170,viento,2026-07-10T15:30:00.000,4.2
0026085170,viento,2026-07-10T17:00:00.000,3.5
0026085170,viento,2026-07-10T16:20:00.000,4.1
0026085170,viento,2026-07-10T16:40:00.000,4.1
0026085170,viento,2026-07-10T16:10:00.000,4.1
0026085170,viento,2026-07-10T16:50:00.000,3.6
0026085170,viento,2026-07-10T16:30:00.000,4.6
0026085170,viento,2026-07-10T17:30:00.000,3.5
0026085170,viento,2026-07-10T17:40:00.000,2.3
0026085170,viento,2026-07-10T17:50:00.000,3.6
0026085170,viento,2026-07-10T17:10:00.000,3.2
0026085170,viento,2026-07-10T18:00:00.000,3.2
0026085170,viento,2026-07-10T17:20:00.000,2.9
0026085170,viento,2026-07-10T18:10:00.000,2.4
0026085170,viento,2026-07-10T19:00:00.000,1.9
0026085170,viento,2026-07-10T18:30:00.000,2.6
0026085170,viento,2026-07-10T18:50:00.000,1.7
0026085170,viento,2026-07-10T18:40:00.000,3.0
0026085170,viento,2026-07-10T18:20:00.000,1.6
0026085170,viento,2026-07-10T19:10:00.000,2.0
0026085170,viento,2026-07-10T20:00:00.000,1.1
0026085170,viento,2026-07-10T19:40:00.000,3.7
0026085170,viento,2026-07-10T19:30:00.000,4.0
0026085170,viento,2026-07-10T19:20:00.000,4.1
0026085170,viento,2026-07-10T19:50:00.000,1.7
0026085170,viento,2026-07-10T20:20:00.000,0.9
0026085170,viento,2026-07-10T20:50:00.000,1.1
0026085170,viento,2026-07-10T20:40:00.000,1.0
0026085170,viento,2026-07-10T20:30:00.000,0.9
0026085170,viento,2026-07-10T21:00:00.000,1.6
0026085170,viento,2026-07-10T20:10:00.000,3.1
0026085170,viento,2026-07-10T21:40:00.000,1.5
0026085170,viento,2026-07-10T21:10:00.000,1.0
0026085170,viento,2026-07-10T21:20:00.000,1.5
0026085170,viento,2026-07-10T21:30:00.000,1.7
0026085170,viento,2026-07-10T21:50:00.000,1.0
0026085170,viento,2026-07-10T22:00:00.000,1.1
0026085170,viento,2026-07-10T23:00:00.000,0.7
0026085170,viento,2026-07-10T22:50:00.000,0.8
0026085170,viento,2026-07-10T22:10:00.000,0.8
0026085170,viento,2026-07-10T22:30:00.000,1.1
0026085170,viento,2026-07-10T22:40:00.000,1.5
0026085170,viento,2026-07-10T22:20:00.000,1.1
0026085170,viento,2026-07-10T23:40:00.000,1.6
0026085170,viento,2026-07-11T00:00:00.000,0.8
0026085170,viento,2026-07-10T23:30:00.000,1.6
0026085170,viento,2026-07-10T23:20:00.000,1.2
0026085170,viento,2026-07-10T23:10:00.000,1.2
0026085170,viento,2026-07-10T23:50:00.000,1.5
0026085170,humedad,2026-07-10T14:00:00.000,54.0
0026085170,humedad,2026-07-10T15:00:00.000,52.0
0026085170,humedad,2026-07-10T16:00:00.000,57.0
0026085170,humedad,2026-07-10T17:00:00.000,56.0
0026085170,humedad,2026-07-10T18:00:00.000,61.0
0026085170,humedad,2026-07-10T19:00:00.000,63.0
0026085170,humedad,2026-07-10T20:00:00.000,66.0
0026085170,humedad,2026-07-10T21:00:00.000,75.0
0026085170,humedad,2026-07-10T22:00:00.000,74.0
0026085170,humedad,2026-07-10T23:00:00.000,81.0
0026085170,humedad,2026-07-11T00:00:00.000,80.0
